"GEO_ID","id"
"NAME","Geographic Area Name"
"S1702_C01_001E","Estimate!!Total!!All families!!Families"
"S1702_C01_001M","Margin of Error!!Total!!All families!!Families"
"S1702_C01_002E","Estimate!!Total!!All families!!Families!!With related children of householder under 18 years"
"S1702_C01_002M","Margin of Error!!Total!!All families!!Families!!With related children of householder under 18 years"
"S1702_C01_003E","Estimate!!Total!!All families!!Families!!With related children of householder under 18 years!!With related children of householder under 5 years"
"S1702_C01_003M","Margin of Error!!Total!!All families!!Families!!With related children of householder under 18 years!!With related children of householder under 5 years"
"S1702_C01_004E","Estimate!!Total!!All families!!Families!!With related children of householder under 18 years!!With related children of householder under 5 years and 5 to 17 years"
"S1702_C01_004M","Margin of Error!!Total!!All families!!Families!!With related children of householder under 18 years!!With related children of householder under 5 years and 5 to 17 years"
"S1702_C01_005E","Estimate!!Total!!All families!!Families!!With related children of householder under 18 years!!With related children of householder 5 to 17  years"
"S1702_C01_005M","Margin of Error!!Total!!All families!!Families!!With related children of householder under 18 years!!With related children of householder 5 to 17  years"
"S1702_C01_006E","Estimate!!Total!!All families!!Families!!RACE AND HISPANIC OR LATINO ORIGIN!!Families with a householder who is--!!White alone"
"S1702_C01_006M","Margin of Error!!Total!!All families!!Families!!RACE AND HISPANIC OR LATINO ORIGIN!!Families with a householder who is--!!White alone"
"S1702_C01_007E","Estimate!!Total!!All families!!Families!!RACE AND HISPANIC OR LATINO ORIGIN!!Families with a householder who is--!!Black or African American alone"
"S1702_C01_007M","Margin of Error!!Total!!All families!!Families!!RACE AND HISPANIC OR LATINO ORIGIN!!Families with a householder who is--!!Black or African American alone"
"S1702_C01_008E","Estimate!!Total!!All families!!Families!!RACE AND HISPANIC OR LATINO ORIGIN!!Families with a householder who is--!!American Indian and Alaska Native alone"
"S1702_C01_008M","Margin of Error!!Total!!All families!!Families!!RACE AND HISPANIC OR LATINO ORIGIN!!Families with a householder who is--!!American Indian and Alaska Native alone"
"S1702_C01_009E","Estimate!!Total!!All families!!Families!!RACE AND HISPANIC OR LATINO ORIGIN!!Families with a householder who is--!!Asian alone"
"S1702_C01_009M","Margin of Error!!Total!!All families!!Families!!RACE AND HISPANIC OR LATINO ORIGIN!!Families with a householder who is--!!Asian alone"
"S1702_C01_010E","Estimate!!Total!!All families!!Families!!RACE AND HISPANIC OR LATINO ORIGIN!!Families with a householder who is--!!Native Hawaiian and Other Pacific Islander alone"
"S1702_C01_010M","Margin of Error!!Total!!All families!!Families!!RACE AND HISPANIC OR LATINO ORIGIN!!Families with a householder who is--!!Native Hawaiian and Other Pacific Islander alone"
"S1702_C01_011E","Estimate!!Total!!All families!!Families!!RACE AND HISPANIC OR LATINO ORIGIN!!Families with a householder who is--!!Some other race alone"
"S1702_C01_011M","Margin of Error!!Total!!All families!!Families!!RACE AND HISPANIC OR LATINO ORIGIN!!Families with a householder who is--!!Some other race alone"
"S1702_C01_012E","Estimate!!Total!!All families!!Families!!RACE AND HISPANIC OR LATINO ORIGIN!!Families with a householder who is--!!Two or more races"
"S1702_C01_012M","Margin of Error!!Total!!All families!!Families!!RACE AND HISPANIC OR LATINO ORIGIN!!Families with a householder who is--!!Two or more races"
"S1702_C01_013E","Estimate!!Total!!All families!!Families!!RACE AND HISPANIC OR LATINO ORIGIN!!Families with a householder who is--!!Hispanic or Latino origin (of any race)"
"S1702_C01_013M","Margin of Error!!Total!!All families!!Families!!RACE AND HISPANIC OR LATINO ORIGIN!!Families with a householder who is--!!Hispanic or Latino origin (of any race)"
"S1702_C01_014E","Estimate!!Total!!All families!!Families!!RACE AND HISPANIC OR LATINO ORIGIN!!Families with a householder who is--!!White alone, not Hispanic or Latino"
"S1702_C01_014M","Margin of Error!!Total!!All families!!Families!!RACE AND HISPANIC OR LATINO ORIGIN!!Families with a householder who is--!!White alone, not Hispanic or Latino"
"S1702_C01_015E","Estimate!!Total!!All families!!Families!!Householder worked"
"S1702_C01_015M","Margin of Error!!Total!!All families!!Families!!Householder worked"
"S1702_C01_016E","Estimate!!Total!!All families!!Families!!Householder worked!!Householder worked full-time, year-round in the past 12 months"
"S1702_C01_016M","Margin of Error!!Total!!All families!!Families!!Householder worked!!Householder worked full-time, year-round in the past 12 months"
"S1702_C01_017E","Estimate!!Total!!All families!!Families!!Householder 65 years and over"
"S1702_C01_017M","Margin of Error!!Total!!All families!!Families!!Householder 65 years and over"
"S1702_C01_018E","Estimate!!Total!!All families!!Families!!Family received --!!Supplemental Security Income (SSI) and/or cash public assistance income in the past 12 months"
"S1702_C01_018M","Margin of Error!!Total!!All families!!Families!!Family received --!!Supplemental Security Income (SSI) and/or cash public assistance income in the past 12 months"
"S1702_C01_019E","Estimate!!Total!!All families!!Families!!Family received --!!Social security income in the past 12 months"
"S1702_C01_019M","Margin of Error!!Total!!All families!!Families!!Family received --!!Social security income in the past 12 months"
"S1702_C01_020E","Estimate!!Total!!All families!!Families!!EDUCATIONAL ATTAINMENT OF HOUSEHOLDER!!Less than high school graduate"
"S1702_C01_020M","Margin of Error!!Total!!All families!!Families!!EDUCATIONAL ATTAINMENT OF HOUSEHOLDER!!Less than high school graduate"
"S1702_C01_021E","Estimate!!Total!!All families!!Families!!EDUCATIONAL ATTAINMENT OF HOUSEHOLDER!!High school graduate (includes equivalency)"
"S1702_C01_021M","Margin of Error!!Total!!All families!!Families!!EDUCATIONAL ATTAINMENT OF HOUSEHOLDER!!High school graduate (includes equivalency)"
"S1702_C01_022E","Estimate!!Total!!All families!!Families!!EDUCATIONAL ATTAINMENT OF HOUSEHOLDER!!Some college, associate's degree"
"S1702_C01_022M","Margin of Error!!Total!!All families!!Families!!EDUCATIONAL ATTAINMENT OF HOUSEHOLDER!!Some college, associate's degree"
"S1702_C01_023E","Estimate!!Total!!All families!!Families!!EDUCATIONAL ATTAINMENT OF HOUSEHOLDER!!Bachelor's degree or higher"
"S1702_C01_023M","Margin of Error!!Total!!All families!!Families!!EDUCATIONAL ATTAINMENT OF HOUSEHOLDER!!Bachelor's degree or higher"
"S1702_C01_024E","Estimate!!Total!!All families!!Families!!NUMBER OF RELATED CHILDREN OF THE HOUSEHOLDER UNDER 18 YEARS!!No child"
"S1702_C01_024M","Margin of Error!!Total!!All families!!Families!!NUMBER OF RELATED CHILDREN OF THE HOUSEHOLDER UNDER 18 YEARS!!No child"
"S1702_C01_025E","Estimate!!Total!!All families!!Families!!NUMBER OF RELATED CHILDREN OF THE HOUSEHOLDER UNDER 18 YEARS!!1 or 2 children"
"S1702_C01_025M","Margin of Error!!Total!!All families!!Families!!NUMBER OF RELATED CHILDREN OF THE HOUSEHOLDER UNDER 18 YEARS!!1 or 2 children"
"S1702_C01_026E","Estimate!!Total!!All families!!Families!!NUMBER OF RELATED CHILDREN OF THE HOUSEHOLDER UNDER 18 YEARS!!3 or 4 children"
"S1702_C01_026M","Margin of Error!!Total!!All families!!Families!!NUMBER OF RELATED CHILDREN OF THE HOUSEHOLDER UNDER 18 YEARS!!3 or 4 children"
"S1702_C01_027E","Estimate!!Total!!All families!!Families!!NUMBER OF RELATED CHILDREN OF THE HOUSEHOLDER UNDER 18 YEARS!!5 or more children"
"S1702_C01_027M","Margin of Error!!Total!!All families!!Families!!NUMBER OF RELATED CHILDREN OF THE HOUSEHOLDER UNDER 18 YEARS!!5 or more children"
"S1702_C01_028E","Estimate!!Total!!All families!!Families!!NUMBER OF OWN CHILDREN OF THE HOUSEHOLDER UNDER 18 YEARS!!No own child of the householder"
"S1702_C01_028M","Margin of Error!!Total!!All families!!Families!!NUMBER OF OWN CHILDREN OF THE HOUSEHOLDER UNDER 18 YEARS!!No own child of the householder"
"S1702_C01_029E","Estimate!!Total!!All families!!Families!!NUMBER OF OWN CHILDREN OF THE HOUSEHOLDER UNDER 18 YEARS!!1 or 2 own children of the householder"
"S1702_C01_029M","Margin of Error!!Total!!All families!!Families!!NUMBER OF OWN CHILDREN OF THE HOUSEHOLDER UNDER 18 YEARS!!1 or 2 own children of the householder"
"S1702_C01_030E","Estimate!!Total!!All families!!Families!!NUMBER OF OWN CHILDREN OF THE HOUSEHOLDER UNDER 18 YEARS!!3 or 4 own children of the householder"
"S1702_C01_030M","Margin of Error!!Total!!All families!!Families!!NUMBER OF OWN CHILDREN OF THE HOUSEHOLDER UNDER 18 YEARS!!3 or 4 own children of the householder"
"S1702_C01_031E","Estimate!!Total!!All families!!Families!!NUMBER OF OWN CHILDREN OF THE HOUSEHOLDER UNDER 18 YEARS!!5 or more own children of the householder"
"S1702_C01_031M","Margin of Error!!Total!!All families!!Families!!NUMBER OF OWN CHILDREN OF THE HOUSEHOLDER UNDER 18 YEARS!!5 or more own children of the householder"
"S1702_C01_032E","Estimate!!Total!!All families!!Families!!NUMBER OF PEOPLE IN FAMILY!!2 people"
"S1702_C01_032M","Margin of Error!!Total!!All families!!Families!!NUMBER OF PEOPLE IN FAMILY!!2 people"
"S1702_C01_033E","Estimate!!Total!!All families!!Families!!NUMBER OF PEOPLE IN FAMILY!!3 or 4 people"
"S1702_C01_033M","Margin of Error!!Total!!All families!!Families!!NUMBER OF PEOPLE IN FAMILY!!3 or 4 people"
"S1702_C01_034E","Estimate!!Total!!All families!!Families!!NUMBER OF PEOPLE IN FAMILY!!5 or 6 people"
"S1702_C01_034M","Margin of Error!!Total!!All families!!Families!!NUMBER OF PEOPLE IN FAMILY!!5 or 6 people"
"S1702_C01_035E","Estimate!!Total!!All families!!Families!!NUMBER OF PEOPLE IN FAMILY!!7 or more people"
"S1702_C01_035M","Margin of Error!!Total!!All families!!Families!!NUMBER OF PEOPLE IN FAMILY!!7 or more people"
"S1702_C01_036E","Estimate!!Total!!All families!!Families!!NUMBER OF WORKERS IN FAMILY!!No workers"
"S1702_C01_036M","Margin of Error!!Total!!All families!!Families!!NUMBER OF WORKERS IN FAMILY!!No workers"
"S1702_C01_037E","Estimate!!Total!!All families!!Families!!NUMBER OF WORKERS IN FAMILY!!1 worker"
"S1702_C01_037M","Margin of Error!!Total!!All families!!Families!!NUMBER OF WORKERS IN FAMILY!!1 worker"
"S1702_C01_038E","Estimate!!Total!!All families!!Families!!NUMBER OF WORKERS IN FAMILY!!2 workers"
"S1702_C01_038M","Margin of Error!!Total!!All families!!Families!!NUMBER OF WORKERS IN FAMILY!!2 workers"
"S1702_C01_039E","Estimate!!Total!!All families!!Families!!NUMBER OF WORKERS IN FAMILY!!3 or more workers"
"S1702_C01_039M","Margin of Error!!Total!!All families!!Families!!NUMBER OF WORKERS IN FAMILY!!3 or more workers"
"S1702_C01_040E","Estimate!!Total!!All families!!Families!!INCOME DEFICIT!!Mean income deficit for families (dollars)"
"S1702_C01_040M","Margin of Error!!Total!!All families!!Families!!INCOME DEFICIT!!Mean income deficit for families (dollars)"
"S1702_C01_041E","Estimate!!Total!!All families!!Families!!TENURE!!Owner occupied"
"S1702_C01_041M","Margin of Error!!Total!!All families!!Families!!TENURE!!Owner occupied"
"S1702_C01_042E","Estimate!!Total!!All families!!Families!!TENURE!!Renter Occupied"
"S1702_C01_042M","Margin of Error!!Total!!All families!!Families!!TENURE!!Renter Occupied"
"S1702_C01_043E","Estimate!!Total!!All families!!Families!!ALL FAMILIES WITH INCOME BELOW THE FOLLOWING POVERTY RATIOS!!50 percent of poverty level"
"S1702_C01_043M","Margin of Error!!Total!!All families!!Families!!ALL FAMILIES WITH INCOME BELOW THE FOLLOWING POVERTY RATIOS!!50 percent of poverty level"
"S1702_C01_044E","Estimate!!Total!!All families!!Families!!ALL FAMILIES WITH INCOME BELOW THE FOLLOWING POVERTY RATIOS!!125 percent of poverty level"
"S1702_C01_044M","Margin of Error!!Total!!All families!!Families!!ALL FAMILIES WITH INCOME BELOW THE FOLLOWING POVERTY RATIOS!!125 percent of poverty level"
"S1702_C01_045E","Estimate!!Total!!All families!!Families!!ALL FAMILIES WITH INCOME BELOW THE FOLLOWING POVERTY RATIOS!!150 percent of poverty level"
"S1702_C01_045M","Margin of Error!!Total!!All families!!Families!!ALL FAMILIES WITH INCOME BELOW THE FOLLOWING POVERTY RATIOS!!150 percent of poverty level"
"S1702_C01_046E","Estimate!!Total!!All families!!Families!!ALL FAMILIES WITH INCOME BELOW THE FOLLOWING POVERTY RATIOS!!185 percent of poverty level"
"S1702_C01_046M","Margin of Error!!Total!!All families!!Families!!ALL FAMILIES WITH INCOME BELOW THE FOLLOWING POVERTY RATIOS!!185 percent of poverty level"
"S1702_C01_047E","Estimate!!Total!!All families!!Families!!ALL FAMILIES WITH INCOME BELOW THE FOLLOWING POVERTY RATIOS!!200 percent of poverty level"
"S1702_C01_047M","Margin of Error!!Total!!All families!!Families!!ALL FAMILIES WITH INCOME BELOW THE FOLLOWING POVERTY RATIOS!!200 percent of poverty level"
"S1702_C01_048E","Estimate!!Total!!All families!!Families!!ALL FAMILIES WITH INCOME BELOW THE FOLLOWING POVERTY RATIOS!!300 percent of poverty level"
"S1702_C01_048M","Margin of Error!!Total!!All families!!Families!!ALL FAMILIES WITH INCOME BELOW THE FOLLOWING POVERTY RATIOS!!300 percent of poverty level"
"S1702_C01_049E","Estimate!!Total!!All families!!Families!!ALL FAMILIES WITH INCOME BELOW THE FOLLOWING POVERTY RATIOS!!400 percent of poverty level"
"S1702_C01_049M","Margin of Error!!Total!!All families!!Families!!ALL FAMILIES WITH INCOME BELOW THE FOLLOWING POVERTY RATIOS!!400 percent of poverty level"
"S1702_C01_050E","Estimate!!Total!!All families!!Families!!ALL FAMILIES WITH INCOME BELOW THE FOLLOWING POVERTY RATIOS!!500 percent of poverty level"
"S1702_C01_050M","Margin of Error!!Total!!All families!!Families!!ALL FAMILIES WITH INCOME BELOW THE FOLLOWING POVERTY RATIOS!!500 percent of poverty level"
"S1702_C02_001E","Estimate!!Percent below poverty level!!All families!!Families"
"S1702_C02_001M","Margin of Error!!Percent below poverty level!!All families!!Families"
"S1702_C02_002E","Estimate!!Percent below poverty level!!All families!!Families!!With related children of householder under 18 years"
"S1702_C02_002M","Margin of Error!!Percent below poverty level!!All families!!Families!!With related children of householder under 18 years"
"S1702_C02_003E","Estimate!!Percent below poverty level!!All families!!Families!!With related children of householder under 18 years!!With related children of householder under 5 years"
"S1702_C02_003M","Margin of Error!!Percent below poverty level!!All families!!Families!!With related children of householder under 18 years!!With related children of householder under 5 years"
"S1702_C02_004E","Estimate!!Percent below poverty level!!All families!!Families!!With related children of householder under 18 years!!With related children of householder under 5 years and 5 to 17 years"
"S1702_C02_004M","Margin of Error!!Percent below poverty level!!All families!!Families!!With related children of householder under 18 years!!With related children of householder under 5 years and 5 to 17 years"
"S1702_C02_005E","Estimate!!Percent below poverty level!!All families!!Families!!With related children of householder under 18 years!!With related children of householder 5 to 17  years"
"S1702_C02_005M","Margin of Error!!Percent below poverty level!!All families!!Families!!With related children of householder under 18 years!!With related children of householder 5 to 17  years"
"S1702_C02_006E","Estimate!!Percent below poverty level!!All families!!Families!!RACE AND HISPANIC OR LATINO ORIGIN!!Families with a householder who is--!!White alone"
"S1702_C02_006M","Margin of Error!!Percent below poverty level!!All families!!Families!!RACE AND HISPANIC OR LATINO ORIGIN!!Families with a householder who is--!!White alone"
"S1702_C02_007E","Estimate!!Percent below poverty level!!All families!!Families!!RACE AND HISPANIC OR LATINO ORIGIN!!Families with a householder who is--!!Black or African American alone"
"S1702_C02_007M","Margin of Error!!Percent below poverty level!!All families!!Families!!RACE AND HISPANIC OR LATINO ORIGIN!!Families with a householder who is--!!Black or African American alone"
"S1702_C02_008E","Estimate!!Percent below poverty level!!All families!!Families!!RACE AND HISPANIC OR LATINO ORIGIN!!Families with a householder who is--!!American Indian and Alaska Native alone"
"S1702_C02_008M","Margin of Error!!Percent below poverty level!!All families!!Families!!RACE AND HISPANIC OR LATINO ORIGIN!!Families with a householder who is--!!American Indian and Alaska Native alone"
"S1702_C02_009E","Estimate!!Percent below poverty level!!All families!!Families!!RACE AND HISPANIC OR LATINO ORIGIN!!Families with a householder who is--!!Asian alone"
"S1702_C02_009M","Margin of Error!!Percent below poverty level!!All families!!Families!!RACE AND HISPANIC OR LATINO ORIGIN!!Families with a householder who is--!!Asian alone"
"S1702_C02_010E","Estimate!!Percent below poverty level!!All families!!Families!!RACE AND HISPANIC OR LATINO ORIGIN!!Families with a householder who is--!!Native Hawaiian and Other Pacific Islander alone"
"S1702_C02_010M","Margin of Error!!Percent below poverty level!!All families!!Families!!RACE AND HISPANIC OR LATINO ORIGIN!!Families with a householder who is--!!Native Hawaiian and Other Pacific Islander alone"
"S1702_C02_011E","Estimate!!Percent below poverty level!!All families!!Families!!RACE AND HISPANIC OR LATINO ORIGIN!!Families with a householder who is--!!Some other race alone"
"S1702_C02_011M","Margin of Error!!Percent below poverty level!!All families!!Families!!RACE AND HISPANIC OR LATINO ORIGIN!!Families with a householder who is--!!Some other race alone"
"S1702_C02_012E","Estimate!!Percent below poverty level!!All families!!Families!!RACE AND HISPANIC OR LATINO ORIGIN!!Families with a householder who is--!!Two or more races"
"S1702_C02_012M","Margin of Error!!Percent below poverty level!!All families!!Families!!RACE AND HISPANIC OR LATINO ORIGIN!!Families with a householder who is--!!Two or more races"
"S1702_C02_013E","Estimate!!Percent below poverty level!!All families!!Families!!RACE AND HISPANIC OR LATINO ORIGIN!!Families with a householder who is--!!Hispanic or Latino origin (of any race)"
"S1702_C02_013M","Margin of Error!!Percent below poverty level!!All families!!Families!!RACE AND HISPANIC OR LATINO ORIGIN!!Families with a householder who is--!!Hispanic or Latino origin (of any race)"
"S1702_C02_014E","Estimate!!Percent below poverty level!!All families!!Families!!RACE AND HISPANIC OR LATINO ORIGIN!!Families with a householder who is--!!White alone, not Hispanic or Latino"
"S1702_C02_014M","Margin of Error!!Percent below poverty level!!All families!!Families!!RACE AND HISPANIC OR LATINO ORIGIN!!Families with a householder who is--!!White alone, not Hispanic or Latino"
"S1702_C02_015E","Estimate!!Percent below poverty level!!All families!!Families!!Householder worked"
"S1702_C02_015M","Margin of Error!!Percent below poverty level!!All families!!Families!!Householder worked"
"S1702_C02_016E","Estimate!!Percent below poverty level!!All families!!Families!!Householder worked!!Householder worked full-time, year-round in the past 12 months"
"S1702_C02_016M","Margin of Error!!Percent below poverty level!!All families!!Families!!Householder worked!!Householder worked full-time, year-round in the past 12 months"
"S1702_C02_017E","Estimate!!Percent below poverty level!!All families!!Families!!Householder 65 years and over"
"S1702_C02_017M","Margin of Error!!Percent below poverty level!!All families!!Families!!Householder 65 years and over"
"S1702_C02_018E","Estimate!!Percent below poverty level!!All families!!Families!!Family received --!!Supplemental Security Income (SSI) and/or cash public assistance income in the past 12 months"
"S1702_C02_018M","Margin of Error!!Percent below poverty level!!All families!!Families!!Family received --!!Supplemental Security Income (SSI) and/or cash public assistance income in the past 12 months"
"S1702_C02_019E","Estimate!!Percent below poverty level!!All families!!Families!!Family received --!!Social security income in the past 12 months"
"S1702_C02_019M","Margin of Error!!Percent below poverty level!!All families!!Families!!Family received --!!Social security income in the past 12 months"
"S1702_C02_020E","Estimate!!Percent below poverty level!!All families!!Families!!EDUCATIONAL ATTAINMENT OF HOUSEHOLDER!!Less than high school graduate"
"S1702_C02_020M","Margin of Error!!Percent below poverty level!!All families!!Families!!EDUCATIONAL ATTAINMENT OF HOUSEHOLDER!!Less than high school graduate"
"S1702_C02_021E","Estimate!!Percent below poverty level!!All families!!Families!!EDUCATIONAL ATTAINMENT OF HOUSEHOLDER!!High school graduate (includes equivalency)"
"S1702_C02_021M","Margin of Error!!Percent below poverty level!!All families!!Families!!EDUCATIONAL ATTAINMENT OF HOUSEHOLDER!!High school graduate (includes equivalency)"
"S1702_C02_022E","Estimate!!Percent below poverty level!!All families!!Families!!EDUCATIONAL ATTAINMENT OF HOUSEHOLDER!!Some college, associate's degree"
"S1702_C02_022M","Margin of Error!!Percent below poverty level!!All families!!Families!!EDUCATIONAL ATTAINMENT OF HOUSEHOLDER!!Some college, associate's degree"
"S1702_C02_023E","Estimate!!Percent below poverty level!!All families!!Families!!EDUCATIONAL ATTAINMENT OF HOUSEHOLDER!!Bachelor's degree or higher"
"S1702_C02_023M","Margin of Error!!Percent below poverty level!!All families!!Families!!EDUCATIONAL ATTAINMENT OF HOUSEHOLDER!!Bachelor's degree or higher"
"S1702_C02_024E","Estimate!!Percent below poverty level!!All families!!Families!!NUMBER OF RELATED CHILDREN OF THE HOUSEHOLDER UNDER 18 YEARS!!No child"
"S1702_C02_024M","Margin of Error!!Percent below poverty level!!All families!!Families!!NUMBER OF RELATED CHILDREN OF THE HOUSEHOLDER UNDER 18 YEARS!!No child"
"S1702_C02_025E","Estimate!!Percent below poverty level!!All families!!Families!!NUMBER OF RELATED CHILDREN OF THE HOUSEHOLDER UNDER 18 YEARS!!1 or 2 children"
"S1702_C02_025M","Margin of Error!!Percent below poverty level!!All families!!Families!!NUMBER OF RELATED CHILDREN OF THE HOUSEHOLDER UNDER 18 YEARS!!1 or 2 children"
"S1702_C02_026E","Estimate!!Percent below poverty level!!All families!!Families!!NUMBER OF RELATED CHILDREN OF THE HOUSEHOLDER UNDER 18 YEARS!!3 or 4 children"
"S1702_C02_026M","Margin of Error!!Percent below poverty level!!All families!!Families!!NUMBER OF RELATED CHILDREN OF THE HOUSEHOLDER UNDER 18 YEARS!!3 or 4 children"
"S1702_C02_027E","Estimate!!Percent below poverty level!!All families!!Families!!NUMBER OF RELATED CHILDREN OF THE HOUSEHOLDER UNDER 18 YEARS!!5 or more children"
"S1702_C02_027M","Margin of Error!!Percent below poverty level!!All families!!Families!!NUMBER OF RELATED CHILDREN OF THE HOUSEHOLDER UNDER 18 YEARS!!5 or more children"
"S1702_C02_028E","Estimate!!Percent below poverty level!!All families!!Families!!NUMBER OF OWN CHILDREN OF THE HOUSEHOLDER UNDER 18 YEARS!!No own child of the householder"
"S1702_C02_028M","Margin of Error!!Percent below poverty level!!All families!!Families!!NUMBER OF OWN CHILDREN OF THE HOUSEHOLDER UNDER 18 YEARS!!No own child of the householder"
"S1702_C02_029E","Estimate!!Percent below poverty level!!All families!!Families!!NUMBER OF OWN CHILDREN OF THE HOUSEHOLDER UNDER 18 YEARS!!1 or 2 own children of the householder"
"S1702_C02_029M","Margin of Error!!Percent below poverty level!!All families!!Families!!NUMBER OF OWN CHILDREN OF THE HOUSEHOLDER UNDER 18 YEARS!!1 or 2 own children of the householder"
"S1702_C02_030E","Estimate!!Percent below poverty level!!All families!!Families!!NUMBER OF OWN CHILDREN OF THE HOUSEHOLDER UNDER 18 YEARS!!3 or 4 own children of the householder"
"S1702_C02_030M","Margin of Error!!Percent below poverty level!!All families!!Families!!NUMBER OF OWN CHILDREN OF THE HOUSEHOLDER UNDER 18 YEARS!!3 or 4 own children of the householder"
"S1702_C02_031E","Estimate!!Percent below poverty level!!All families!!Families!!NUMBER OF OWN CHILDREN OF THE HOUSEHOLDER UNDER 18 YEARS!!5 or more own children of the householder"
"S1702_C02_031M","Margin of Error!!Percent below poverty level!!All families!!Families!!NUMBER OF OWN CHILDREN OF THE HOUSEHOLDER UNDER 18 YEARS!!5 or more own children of the householder"
"S1702_C02_032E","Estimate!!Percent below poverty level!!All families!!Families!!NUMBER OF PEOPLE IN FAMILY!!2 people"
"S1702_C02_032M","Margin of Error!!Percent below poverty level!!All families!!Families!!NUMBER OF PEOPLE IN FAMILY!!2 people"
"S1702_C02_033E","Estimate!!Percent below poverty level!!All families!!Families!!NUMBER OF PEOPLE IN FAMILY!!3 or 4 people"
"S1702_C02_033M","Margin of Error!!Percent below poverty level!!All families!!Families!!NUMBER OF PEOPLE IN FAMILY!!3 or 4 people"
"S1702_C02_034E","Estimate!!Percent below poverty level!!All families!!Families!!NUMBER OF PEOPLE IN FAMILY!!5 or 6 people"
"S1702_C02_034M","Margin of Error!!Percent below poverty level!!All families!!Families!!NUMBER OF PEOPLE IN FAMILY!!5 or 6 people"
"S1702_C02_035E","Estimate!!Percent below poverty level!!All families!!Families!!NUMBER OF PEOPLE IN FAMILY!!7 or more people"
"S1702_C02_035M","Margin of Error!!Percent below poverty level!!All families!!Families!!NUMBER OF PEOPLE IN FAMILY!!7 or more people"
"S1702_C02_036E","Estimate!!Percent below poverty level!!All families!!Families!!NUMBER OF WORKERS IN FAMILY!!No workers"
"S1702_C02_036M","Margin of Error!!Percent below poverty level!!All families!!Families!!NUMBER OF WORKERS IN FAMILY!!No workers"
"S1702_C02_037E","Estimate!!Percent below poverty level!!All families!!Families!!NUMBER OF WORKERS IN FAMILY!!1 worker"
"S1702_C02_037M","Margin of Error!!Percent below poverty level!!All families!!Families!!NUMBER OF WORKERS IN FAMILY!!1 worker"
"S1702_C02_038E","Estimate!!Percent below poverty level!!All families!!Families!!NUMBER OF WORKERS IN FAMILY!!2 workers"
"S1702_C02_038M","Margin of Error!!Percent below poverty level!!All families!!Families!!NUMBER OF WORKERS IN FAMILY!!2 workers"
"S1702_C02_039E","Estimate!!Percent below poverty level!!All families!!Families!!NUMBER OF WORKERS IN FAMILY!!3 or more workers"
"S1702_C02_039M","Margin of Error!!Percent below poverty level!!All families!!Families!!NUMBER OF WORKERS IN FAMILY!!3 or more workers"
"S1702_C02_040E","Estimate!!Percent below poverty level!!All families!!Families!!INCOME DEFICIT!!Mean income deficit for families (dollars)"
"S1702_C02_040M","Margin of Error!!Percent below poverty level!!All families!!Families!!INCOME DEFICIT!!Mean income deficit for families (dollars)"
"S1702_C02_041E","Estimate!!Percent below poverty level!!All families!!Families!!TENURE!!Owner occupied"
"S1702_C02_041M","Margin of Error!!Percent below poverty level!!All families!!Families!!TENURE!!Owner occupied"
"S1702_C02_042E","Estimate!!Percent below poverty level!!All families!!Families!!TENURE!!Renter Occupied"
"S1702_C02_042M","Margin of Error!!Percent below poverty level!!All families!!Families!!TENURE!!Renter Occupied"
"S1702_C02_043E","Estimate!!Percent below poverty level!!All families!!Families!!ALL FAMILIES WITH INCOME BELOW THE FOLLOWING POVERTY RATIOS!!50 percent of poverty level"
"S1702_C02_043M","Margin of Error!!Percent below poverty level!!All families!!Families!!ALL FAMILIES WITH INCOME BELOW THE FOLLOWING POVERTY RATIOS!!50 percent of poverty level"
"S1702_C02_044E","Estimate!!Percent below poverty level!!All families!!Families!!ALL FAMILIES WITH INCOME BELOW THE FOLLOWING POVERTY RATIOS!!125 percent of poverty level"
"S1702_C02_044M","Margin of Error!!Percent below poverty level!!All families!!Families!!ALL FAMILIES WITH INCOME BELOW THE FOLLOWING POVERTY RATIOS!!125 percent of poverty level"
"S1702_C02_045E","Estimate!!Percent below poverty level!!All families!!Families!!ALL FAMILIES WITH INCOME BELOW THE FOLLOWING POVERTY RATIOS!!150 percent of poverty level"
"S1702_C02_045M","Margin of Error!!Percent below poverty level!!All families!!Families!!ALL FAMILIES WITH INCOME BELOW THE FOLLOWING POVERTY RATIOS!!150 percent of poverty level"
"S1702_C02_046E","Estimate!!Percent below poverty level!!All families!!Families!!ALL FAMILIES WITH INCOME BELOW THE FOLLOWING POVERTY RATIOS!!185 percent of poverty level"
"S1702_C02_046M","Margin of Error!!Percent below poverty level!!All families!!Families!!ALL FAMILIES WITH INCOME BELOW THE FOLLOWING POVERTY RATIOS!!185 percent of poverty level"
"S1702_C02_047E","Estimate!!Percent below poverty level!!All families!!Families!!ALL FAMILIES WITH INCOME BELOW THE FOLLOWING POVERTY RATIOS!!200 percent of poverty level"
"S1702_C02_047M","Margin of Error!!Percent below poverty level!!All families!!Families!!ALL FAMILIES WITH INCOME BELOW THE FOLLOWING POVERTY RATIOS!!200 percent of poverty level"
"S1702_C02_048E","Estimate!!Percent below poverty level!!All families!!Families!!ALL FAMILIES WITH INCOME BELOW THE FOLLOWING POVERTY RATIOS!!300 percent of poverty level"
"S1702_C02_048M","Margin of Error!!Percent below poverty level!!All families!!Families!!ALL FAMILIES WITH INCOME BELOW THE FOLLOWING POVERTY RATIOS!!300 percent of poverty level"
"S1702_C02_049E","Estimate!!Percent below poverty level!!All families!!Families!!ALL FAMILIES WITH INCOME BELOW THE FOLLOWING POVERTY RATIOS!!400 percent of poverty level"
"S1702_C02_049M","Margin of Error!!Percent below poverty level!!All families!!Families!!ALL FAMILIES WITH INCOME BELOW THE FOLLOWING POVERTY RATIOS!!400 percent of poverty level"
"S1702_C02_050E","Estimate!!Percent below poverty level!!All families!!Families!!ALL FAMILIES WITH INCOME BELOW THE FOLLOWING POVERTY RATIOS!!500 percent of poverty level"
"S1702_C02_050M","Margin of Error!!Percent below poverty level!!All families!!Families!!ALL FAMILIES WITH INCOME BELOW THE FOLLOWING POVERTY RATIOS!!500 percent of poverty level"
"S1702_C03_001E","Estimate!!Total!!Married-couple families!!Families"
"S1702_C03_001M","Margin of Error!!Total!!Married-couple families!!Families"
"S1702_C03_002E","Estimate!!Total!!Married-couple families!!Families!!With related children of householder under 18 years"
"S1702_C03_002M","Margin of Error!!Total!!Married-couple families!!Families!!With related children of householder under 18 years"
"S1702_C03_003E","Estimate!!Total!!Married-couple families!!Families!!With related children of householder under 18 years!!With related children of householder under 5 years"
"S1702_C03_003M","Margin of Error!!Total!!Married-couple families!!Families!!With related children of householder under 18 years!!With related children of householder under 5 years"
"S1702_C03_004E","Estimate!!Total!!Married-couple families!!Families!!With related children of householder under 18 years!!With related children of householder under 5 years and 5 to 17 years"
"S1702_C03_004M","Margin of Error!!Total!!Married-couple families!!Families!!With related children of householder under 18 years!!With related children of householder under 5 years and 5 to 17 years"
"S1702_C03_005E","Estimate!!Total!!Married-couple families!!Families!!With related children of householder under 18 years!!With related children of householder 5 to 17  years"
"S1702_C03_005M","Margin of Error!!Total!!Married-couple families!!Families!!With related children of householder under 18 years!!With related children of householder 5 to 17  years"
"S1702_C03_006E","Estimate!!Total!!Married-couple families!!Families!!RACE AND HISPANIC OR LATINO ORIGIN!!Families with a householder who is--!!White alone"
"S1702_C03_006M","Margin of Error!!Total!!Married-couple families!!Families!!RACE AND HISPANIC OR LATINO ORIGIN!!Families with a householder who is--!!White alone"
"S1702_C03_007E","Estimate!!Total!!Married-couple families!!Families!!RACE AND HISPANIC OR LATINO ORIGIN!!Families with a householder who is--!!Black or African American alone"
"S1702_C03_007M","Margin of Error!!Total!!Married-couple families!!Families!!RACE AND HISPANIC OR LATINO ORIGIN!!Families with a householder who is--!!Black or African American alone"
"S1702_C03_008E","Estimate!!Total!!Married-couple families!!Families!!RACE AND HISPANIC OR LATINO ORIGIN!!Families with a householder who is--!!American Indian and Alaska Native alone"
"S1702_C03_008M","Margin of Error!!Total!!Married-couple families!!Families!!RACE AND HISPANIC OR LATINO ORIGIN!!Families with a householder who is--!!American Indian and Alaska Native alone"
"S1702_C03_009E","Estimate!!Total!!Married-couple families!!Families!!RACE AND HISPANIC OR LATINO ORIGIN!!Families with a householder who is--!!Asian alone"
"S1702_C03_009M","Margin of Error!!Total!!Married-couple families!!Families!!RACE AND HISPANIC OR LATINO ORIGIN!!Families with a householder who is--!!Asian alone"
"S1702_C03_010E","Estimate!!Total!!Married-couple families!!Families!!RACE AND HISPANIC OR LATINO ORIGIN!!Families with a householder who is--!!Native Hawaiian and Other Pacific Islander alone"
"S1702_C03_010M","Margin of Error!!Total!!Married-couple families!!Families!!RACE AND HISPANIC OR LATINO ORIGIN!!Families with a householder who is--!!Native Hawaiian and Other Pacific Islander alone"
"S1702_C03_011E","Estimate!!Total!!Married-couple families!!Families!!RACE AND HISPANIC OR LATINO ORIGIN!!Families with a householder who is--!!Some other race alone"
"S1702_C03_011M","Margin of Error!!Total!!Married-couple families!!Families!!RACE AND HISPANIC OR LATINO ORIGIN!!Families with a householder who is--!!Some other race alone"
"S1702_C03_012E","Estimate!!Total!!Married-couple families!!Families!!RACE AND HISPANIC OR LATINO ORIGIN!!Families with a householder who is--!!Two or more races"
"S1702_C03_012M","Margin of Error!!Total!!Married-couple families!!Families!!RACE AND HISPANIC OR LATINO ORIGIN!!Families with a householder who is--!!Two or more races"
"S1702_C03_013E","Estimate!!Total!!Married-couple families!!Families!!RACE AND HISPANIC OR LATINO ORIGIN!!Families with a householder who is--!!Hispanic or Latino origin (of any race)"
"S1702_C03_013M","Margin of Error!!Total!!Married-couple families!!Families!!RACE AND HISPANIC OR LATINO ORIGIN!!Families with a householder who is--!!Hispanic or Latino origin (of any race)"
"S1702_C03_014E","Estimate!!Total!!Married-couple families!!Families!!RACE AND HISPANIC OR LATINO ORIGIN!!Families with a householder who is--!!White alone, not Hispanic or Latino"
"S1702_C03_014M","Margin of Error!!Total!!Married-couple families!!Families!!RACE AND HISPANIC OR LATINO ORIGIN!!Families with a householder who is--!!White alone, not Hispanic or Latino"
"S1702_C03_015E","Estimate!!Total!!Married-couple families!!Families!!Householder worked"
"S1702_C03_015M","Margin of Error!!Total!!Married-couple families!!Families!!Householder worked"
"S1702_C03_016E","Estimate!!Total!!Married-couple families!!Families!!Householder worked!!Householder worked full-time, year-round in the past 12 months"
"S1702_C03_016M","Margin of Error!!Total!!Married-couple families!!Families!!Householder worked!!Householder worked full-time, year-round in the past 12 months"
"S1702_C03_017E","Estimate!!Total!!Married-couple families!!Families!!Householder 65 years and over"
"S1702_C03_017M","Margin of Error!!Total!!Married-couple families!!Families!!Householder 65 years and over"
"S1702_C03_018E","Estimate!!Total!!Married-couple families!!Families!!Family received --!!Supplemental Security Income (SSI) and/or cash public assistance income in the past 12 months"
"S1702_C03_018M","Margin of Error!!Total!!Married-couple families!!Families!!Family received --!!Supplemental Security Income (SSI) and/or cash public assistance income in the past 12 months"
"S1702_C03_019E","Estimate!!Total!!Married-couple families!!Families!!Family received --!!Social security income in the past 12 months"
"S1702_C03_019M","Margin of Error!!Total!!Married-couple families!!Families!!Family received --!!Social security income in the past 12 months"
"S1702_C03_020E","Estimate!!Total!!Married-couple families!!Families!!EDUCATIONAL ATTAINMENT OF HOUSEHOLDER!!Less than high school graduate"
"S1702_C03_020M","Margin of Error!!Total!!Married-couple families!!Families!!EDUCATIONAL ATTAINMENT OF HOUSEHOLDER!!Less than high school graduate"
"S1702_C03_021E","Estimate!!Total!!Married-couple families!!Families!!EDUCATIONAL ATTAINMENT OF HOUSEHOLDER!!High school graduate (includes equivalency)"
"S1702_C03_021M","Margin of Error!!Total!!Married-couple families!!Families!!EDUCATIONAL ATTAINMENT OF HOUSEHOLDER!!High school graduate (includes equivalency)"
"S1702_C03_022E","Estimate!!Total!!Married-couple families!!Families!!EDUCATIONAL ATTAINMENT OF HOUSEHOLDER!!Some college, associate's degree"
"S1702_C03_022M","Margin of Error!!Total!!Married-couple families!!Families!!EDUCATIONAL ATTAINMENT OF HOUSEHOLDER!!Some college, associate's degree"
"S1702_C03_023E","Estimate!!Total!!Married-couple families!!Families!!EDUCATIONAL ATTAINMENT OF HOUSEHOLDER!!Bachelor's degree or higher"
"S1702_C03_023M","Margin of Error!!Total!!Married-couple families!!Families!!EDUCATIONAL ATTAINMENT OF HOUSEHOLDER!!Bachelor's degree or higher"
"S1702_C03_024E","Estimate!!Total!!Married-couple families!!Families!!NUMBER OF RELATED CHILDREN OF THE HOUSEHOLDER UNDER 18 YEARS!!No child"
"S1702_C03_024M","Margin of Error!!Total!!Married-couple families!!Families!!NUMBER OF RELATED CHILDREN OF THE HOUSEHOLDER UNDER 18 YEARS!!No child"
"S1702_C03_025E","Estimate!!Total!!Married-couple families!!Families!!NUMBER OF RELATED CHILDREN OF THE HOUSEHOLDER UNDER 18 YEARS!!1 or 2 children"
"S1702_C03_025M","Margin of Error!!Total!!Married-couple families!!Families!!NUMBER OF RELATED CHILDREN OF THE HOUSEHOLDER UNDER 18 YEARS!!1 or 2 children"
"S1702_C03_026E","Estimate!!Total!!Married-couple families!!Families!!NUMBER OF RELATED CHILDREN OF THE HOUSEHOLDER UNDER 18 YEARS!!3 or 4 children"
"S1702_C03_026M","Margin of Error!!Total!!Married-couple families!!Families!!NUMBER OF RELATED CHILDREN OF THE HOUSEHOLDER UNDER 18 YEARS!!3 or 4 children"
"S1702_C03_027E","Estimate!!Total!!Married-couple families!!Families!!NUMBER OF RELATED CHILDREN OF THE HOUSEHOLDER UNDER 18 YEARS!!5 or more children"
"S1702_C03_027M","Margin of Error!!Total!!Married-couple families!!Families!!NUMBER OF RELATED CHILDREN OF THE HOUSEHOLDER UNDER 18 YEARS!!5 or more children"
"S1702_C03_028E","Estimate!!Total!!Married-couple families!!Families!!NUMBER OF OWN CHILDREN OF THE HOUSEHOLDER UNDER 18 YEARS!!No own child of the householder"
"S1702_C03_028M","Margin of Error!!Total!!Married-couple families!!Families!!NUMBER OF OWN CHILDREN OF THE HOUSEHOLDER UNDER 18 YEARS!!No own child of the householder"
"S1702_C03_029E","Estimate!!Total!!Married-couple families!!Families!!NUMBER OF OWN CHILDREN OF THE HOUSEHOLDER UNDER 18 YEARS!!1 or 2 own children of the householder"
"S1702_C03_029M","Margin of Error!!Total!!Married-couple families!!Families!!NUMBER OF OWN CHILDREN OF THE HOUSEHOLDER UNDER 18 YEARS!!1 or 2 own children of the householder"
"S1702_C03_030E","Estimate!!Total!!Married-couple families!!Families!!NUMBER OF OWN CHILDREN OF THE HOUSEHOLDER UNDER 18 YEARS!!3 or 4 own children of the householder"
"S1702_C03_030M","Margin of Error!!Total!!Married-couple families!!Families!!NUMBER OF OWN CHILDREN OF THE HOUSEHOLDER UNDER 18 YEARS!!3 or 4 own children of the householder"
"S1702_C03_031E","Estimate!!Total!!Married-couple families!!Families!!NUMBER OF OWN CHILDREN OF THE HOUSEHOLDER UNDER 18 YEARS!!5 or more own children of the householder"
"S1702_C03_031M","Margin of Error!!Total!!Married-couple families!!Families!!NUMBER OF OWN CHILDREN OF THE HOUSEHOLDER UNDER 18 YEARS!!5 or more own children of the householder"
"S1702_C03_032E","Estimate!!Total!!Married-couple families!!Families!!NUMBER OF PEOPLE IN FAMILY!!2 people"
"S1702_C03_032M","Margin of Error!!Total!!Married-couple families!!Families!!NUMBER OF PEOPLE IN FAMILY!!2 people"
"S1702_C03_033E","Estimate!!Total!!Married-couple families!!Families!!NUMBER OF PEOPLE IN FAMILY!!3 or 4 people"
"S1702_C03_033M","Margin of Error!!Total!!Married-couple families!!Families!!NUMBER OF PEOPLE IN FAMILY!!3 or 4 people"
"S1702_C03_034E","Estimate!!Total!!Married-couple families!!Families!!NUMBER OF PEOPLE IN FAMILY!!5 or 6 people"
"S1702_C03_034M","Margin of Error!!Total!!Married-couple families!!Families!!NUMBER OF PEOPLE IN FAMILY!!5 or 6 people"
"S1702_C03_035E","Estimate!!Total!!Married-couple families!!Families!!NUMBER OF PEOPLE IN FAMILY!!7 or more people"
"S1702_C03_035M","Margin of Error!!Total!!Married-couple families!!Families!!NUMBER OF PEOPLE IN FAMILY!!7 or more people"
"S1702_C03_036E","Estimate!!Total!!Married-couple families!!Families!!NUMBER OF WORKERS IN FAMILY!!No workers"
"S1702_C03_036M","Margin of Error!!Total!!Married-couple families!!Families!!NUMBER OF WORKERS IN FAMILY!!No workers"
"S1702_C03_037E","Estimate!!Total!!Married-couple families!!Families!!NUMBER OF WORKERS IN FAMILY!!1 worker"
"S1702_C03_037M","Margin of Error!!Total!!Married-couple families!!Families!!NUMBER OF WORKERS IN FAMILY!!1 worker"
"S1702_C03_038E","Estimate!!Total!!Married-couple families!!Families!!NUMBER OF WORKERS IN FAMILY!!2 workers"
"S1702_C03_038M","Margin of Error!!Total!!Married-couple families!!Families!!NUMBER OF WORKERS IN FAMILY!!2 workers"
"S1702_C03_039E","Estimate!!Total!!Married-couple families!!Families!!NUMBER OF WORKERS IN FAMILY!!3 or more workers"
"S1702_C03_039M","Margin of Error!!Total!!Married-couple families!!Families!!NUMBER OF WORKERS IN FAMILY!!3 or more workers"
"S1702_C03_040E","Estimate!!Total!!Married-couple families!!Families!!INCOME DEFICIT!!Mean income deficit for families (dollars)"
"S1702_C03_040M","Margin of Error!!Total!!Married-couple families!!Families!!INCOME DEFICIT!!Mean income deficit for families (dollars)"
"S1702_C03_041E","Estimate!!Total!!Married-couple families!!Families!!TENURE!!Owner occupied"
"S1702_C03_041M","Margin of Error!!Total!!Married-couple families!!Families!!TENURE!!Owner occupied"
"S1702_C03_042E","Estimate!!Total!!Married-couple families!!Families!!TENURE!!Renter Occupied"
"S1702_C03_042M","Margin of Error!!Total!!Married-couple families!!Families!!TENURE!!Renter Occupied"
"S1702_C03_043E","Estimate!!Total!!Married-couple families!!Families!!ALL FAMILIES WITH INCOME BELOW THE FOLLOWING POVERTY RATIOS!!50 percent of poverty level"
"S1702_C03_043M","Margin of Error!!Total!!Married-couple families!!Families!!ALL FAMILIES WITH INCOME BELOW THE FOLLOWING POVERTY RATIOS!!50 percent of poverty level"
"S1702_C03_044E","Estimate!!Total!!Married-couple families!!Families!!ALL FAMILIES WITH INCOME BELOW THE FOLLOWING POVERTY RATIOS!!125 percent of poverty level"
"S1702_C03_044M","Margin of Error!!Total!!Married-couple families!!Families!!ALL FAMILIES WITH INCOME BELOW THE FOLLOWING POVERTY RATIOS!!125 percent of poverty level"
"S1702_C03_045E","Estimate!!Total!!Married-couple families!!Families!!ALL FAMILIES WITH INCOME BELOW THE FOLLOWING POVERTY RATIOS!!150 percent of poverty level"
"S1702_C03_045M","Margin of Error!!Total!!Married-couple families!!Families!!ALL FAMILIES WITH INCOME BELOW THE FOLLOWING POVERTY RATIOS!!150 percent of poverty level"
"S1702_C03_046E","Estimate!!Total!!Married-couple families!!Families!!ALL FAMILIES WITH INCOME BELOW THE FOLLOWING POVERTY RATIOS!!185 percent of poverty level"
"S1702_C03_046M","Margin of Error!!Total!!Married-couple families!!Families!!ALL FAMILIES WITH INCOME BELOW THE FOLLOWING POVERTY RATIOS!!185 percent of poverty level"
"S1702_C03_047E","Estimate!!Total!!Married-couple families!!Families!!ALL FAMILIES WITH INCOME BELOW THE FOLLOWING POVERTY RATIOS!!200 percent of poverty level"
"S1702_C03_047M","Margin of Error!!Total!!Married-couple families!!Families!!ALL FAMILIES WITH INCOME BELOW THE FOLLOWING POVERTY RATIOS!!200 percent of poverty level"
"S1702_C03_048E","Estimate!!Total!!Married-couple families!!Families!!ALL FAMILIES WITH INCOME BELOW THE FOLLOWING POVERTY RATIOS!!300 percent of poverty level"
"S1702_C03_048M","Margin of Error!!Total!!Married-couple families!!Families!!ALL FAMILIES WITH INCOME BELOW THE FOLLOWING POVERTY RATIOS!!300 percent of poverty level"
"S1702_C03_049E","Estimate!!Total!!Married-couple families!!Families!!ALL FAMILIES WITH INCOME BELOW THE FOLLOWING POVERTY RATIOS!!400 percent of poverty level"
"S1702_C03_049M","Margin of Error!!Total!!Married-couple families!!Families!!ALL FAMILIES WITH INCOME BELOW THE FOLLOWING POVERTY RATIOS!!400 percent of poverty level"
"S1702_C03_050E","Estimate!!Total!!Married-couple families!!Families!!ALL FAMILIES WITH INCOME BELOW THE FOLLOWING POVERTY RATIOS!!500 percent of poverty level"
"S1702_C03_050M","Margin of Error!!Total!!Married-couple families!!Families!!ALL FAMILIES WITH INCOME BELOW THE FOLLOWING POVERTY RATIOS!!500 percent of poverty level"
"S1702_C04_001E","Estimate!!Percent below poverty level!!Married-couple families!!Families"
"S1702_C04_001M","Margin of Error!!Percent below poverty level!!Married-couple families!!Families"
"S1702_C04_002E","Estimate!!Percent below poverty level!!Married-couple families!!Families!!With related children of householder under 18 years"
"S1702_C04_002M","Margin of Error!!Percent below poverty level!!Married-couple families!!Families!!With related children of householder under 18 years"
"S1702_C04_003E","Estimate!!Percent below poverty level!!Married-couple families!!Families!!With related children of householder under 18 years!!With related children of householder under 5 years"
"S1702_C04_003M","Margin of Error!!Percent below poverty level!!Married-couple families!!Families!!With related children of householder under 18 years!!With related children of householder under 5 years"
"S1702_C04_004E","Estimate!!Percent below poverty level!!Married-couple families!!Families!!With related children of householder under 18 years!!With related children of householder under 5 years and 5 to 17 years"
"S1702_C04_004M","Margin of Error!!Percent below poverty level!!Married-couple families!!Families!!With related children of householder under 18 years!!With related children of householder under 5 years and 5 to 17 years"
"S1702_C04_005E","Estimate!!Percent below poverty level!!Married-couple families!!Families!!With related children of householder under 18 years!!With related children of householder 5 to 17  years"
"S1702_C04_005M","Margin of Error!!Percent below poverty level!!Married-couple families!!Families!!With related children of householder under 18 years!!With related children of householder 5 to 17  years"
"S1702_C04_006E","Estimate!!Percent below poverty level!!Married-couple families!!Families!!RACE AND HISPANIC OR LATINO ORIGIN!!Families with a householder who is--!!White alone"
"S1702_C04_006M","Margin of Error!!Percent below poverty level!!Married-couple families!!Families!!RACE AND HISPANIC OR LATINO ORIGIN!!Families with a householder who is--!!White alone"
"S1702_C04_007E","Estimate!!Percent below poverty level!!Married-couple families!!Families!!RACE AND HISPANIC OR LATINO ORIGIN!!Families with a householder who is--!!Black or African American alone"
"S1702_C04_007M","Margin of Error!!Percent below poverty level!!Married-couple families!!Families!!RACE AND HISPANIC OR LATINO ORIGIN!!Families with a householder who is--!!Black or African American alone"
"S1702_C04_008E","Estimate!!Percent below poverty level!!Married-couple families!!Families!!RACE AND HISPANIC OR LATINO ORIGIN!!Families with a householder who is--!!American Indian and Alaska Native alone"
"S1702_C04_008M","Margin of Error!!Percent below poverty level!!Married-couple families!!Families!!RACE AND HISPANIC OR LATINO ORIGIN!!Families with a householder who is--!!American Indian and Alaska Native alone"
"S1702_C04_009E","Estimate!!Percent below poverty level!!Married-couple families!!Families!!RACE AND HISPANIC OR LATINO ORIGIN!!Families with a householder who is--!!Asian alone"
"S1702_C04_009M","Margin of Error!!Percent below poverty level!!Married-couple families!!Families!!RACE AND HISPANIC OR LATINO ORIGIN!!Families with a householder who is--!!Asian alone"
"S1702_C04_010E","Estimate!!Percent below poverty level!!Married-couple families!!Families!!RACE AND HISPANIC OR LATINO ORIGIN!!Families with a householder who is--!!Native Hawaiian and Other Pacific Islander alone"
"S1702_C04_010M","Margin of Error!!Percent below poverty level!!Married-couple families!!Families!!RACE AND HISPANIC OR LATINO ORIGIN!!Families with a householder who is--!!Native Hawaiian and Other Pacific Islander alone"
"S1702_C04_011E","Estimate!!Percent below poverty level!!Married-couple families!!Families!!RACE AND HISPANIC OR LATINO ORIGIN!!Families with a householder who is--!!Some other race alone"
"S1702_C04_011M","Margin of Error!!Percent below poverty level!!Married-couple families!!Families!!RACE AND HISPANIC OR LATINO ORIGIN!!Families with a householder who is--!!Some other race alone"
"S1702_C04_012E","Estimate!!Percent below poverty level!!Married-couple families!!Families!!RACE AND HISPANIC OR LATINO ORIGIN!!Families with a householder who is--!!Two or more races"
"S1702_C04_012M","Margin of Error!!Percent below poverty level!!Married-couple families!!Families!!RACE AND HISPANIC OR LATINO ORIGIN!!Families with a householder who is--!!Two or more races"
"S1702_C04_013E","Estimate!!Percent below poverty level!!Married-couple families!!Families!!RACE AND HISPANIC OR LATINO ORIGIN!!Families with a householder who is--!!Hispanic or Latino origin (of any race)"
"S1702_C04_013M","Margin of Error!!Percent below poverty level!!Married-couple families!!Families!!RACE AND HISPANIC OR LATINO ORIGIN!!Families with a householder who is--!!Hispanic or Latino origin (of any race)"
"S1702_C04_014E","Estimate!!Percent below poverty level!!Married-couple families!!Families!!RACE AND HISPANIC OR LATINO ORIGIN!!Families with a householder who is--!!White alone, not Hispanic or Latino"
"S1702_C04_014M","Margin of Error!!Percent below poverty level!!Married-couple families!!Families!!RACE AND HISPANIC OR LATINO ORIGIN!!Families with a householder who is--!!White alone, not Hispanic or Latino"
"S1702_C04_015E","Estimate!!Percent below poverty level!!Married-couple families!!Families!!Householder worked"
"S1702_C04_015M","Margin of Error!!Percent below poverty level!!Married-couple families!!Families!!Householder worked"
"S1702_C04_016E","Estimate!!Percent below poverty level!!Married-couple families!!Families!!Householder worked!!Householder worked full-time, year-round in the past 12 months"
"S1702_C04_016M","Margin of Error!!Percent below poverty level!!Married-couple families!!Families!!Householder worked!!Householder worked full-time, year-round in the past 12 months"
"S1702_C04_017E","Estimate!!Percent below poverty level!!Married-couple families!!Families!!Householder 65 years and over"
"S1702_C04_017M","Margin of Error!!Percent below poverty level!!Married-couple families!!Families!!Householder 65 years and over"
"S1702_C04_018E","Estimate!!Percent below poverty level!!Married-couple families!!Families!!Family received --!!Supplemental Security Income (SSI) and/or cash public assistance income in the past 12 months"
"S1702_C04_018M","Margin of Error!!Percent below poverty level!!Married-couple families!!Families!!Family received --!!Supplemental Security Income (SSI) and/or cash public assistance income in the past 12 months"
"S1702_C04_019E","Estimate!!Percent below poverty level!!Married-couple families!!Families!!Family received --!!Social security income in the past 12 months"
"S1702_C04_019M","Margin of Error!!Percent below poverty level!!Married-couple families!!Families!!Family received --!!Social security income in the past 12 months"
"S1702_C04_020E","Estimate!!Percent below poverty level!!Married-couple families!!Families!!EDUCATIONAL ATTAINMENT OF HOUSEHOLDER!!Less than high school graduate"
"S1702_C04_020M","Margin of Error!!Percent below poverty level!!Married-couple families!!Families!!EDUCATIONAL ATTAINMENT OF HOUSEHOLDER!!Less than high school graduate"
"S1702_C04_021E","Estimate!!Percent below poverty level!!Married-couple families!!Families!!EDUCATIONAL ATTAINMENT OF HOUSEHOLDER!!High school graduate (includes equivalency)"
"S1702_C04_021M","Margin of Error!!Percent below poverty level!!Married-couple families!!Families!!EDUCATIONAL ATTAINMENT OF HOUSEHOLDER!!High school graduate (includes equivalency)"
"S1702_C04_022E","Estimate!!Percent below poverty level!!Married-couple families!!Families!!EDUCATIONAL ATTAINMENT OF HOUSEHOLDER!!Some college, associate's degree"
"S1702_C04_022M","Margin of Error!!Percent below poverty level!!Married-couple families!!Families!!EDUCATIONAL ATTAINMENT OF HOUSEHOLDER!!Some college, associate's degree"
"S1702_C04_023E","Estimate!!Percent below poverty level!!Married-couple families!!Families!!EDUCATIONAL ATTAINMENT OF HOUSEHOLDER!!Bachelor's degree or higher"
"S1702_C04_023M","Margin of Error!!Percent below poverty level!!Married-couple families!!Families!!EDUCATIONAL ATTAINMENT OF HOUSEHOLDER!!Bachelor's degree or higher"
"S1702_C04_024E","Estimate!!Percent below poverty level!!Married-couple families!!Families!!NUMBER OF RELATED CHILDREN OF THE HOUSEHOLDER UNDER 18 YEARS!!No child"
"S1702_C04_024M","Margin of Error!!Percent below poverty level!!Married-couple families!!Families!!NUMBER OF RELATED CHILDREN OF THE HOUSEHOLDER UNDER 18 YEARS!!No child"
"S1702_C04_025E","Estimate!!Percent below poverty level!!Married-couple families!!Families!!NUMBER OF RELATED CHILDREN OF THE HOUSEHOLDER UNDER 18 YEARS!!1 or 2 children"
"S1702_C04_025M","Margin of Error!!Percent below poverty level!!Married-couple families!!Families!!NUMBER OF RELATED CHILDREN OF THE HOUSEHOLDER UNDER 18 YEARS!!1 or 2 children"
"S1702_C04_026E","Estimate!!Percent below poverty level!!Married-couple families!!Families!!NUMBER OF RELATED CHILDREN OF THE HOUSEHOLDER UNDER 18 YEARS!!3 or 4 children"
"S1702_C04_026M","Margin of Error!!Percent below poverty level!!Married-couple families!!Families!!NUMBER OF RELATED CHILDREN OF THE HOUSEHOLDER UNDER 18 YEARS!!3 or 4 children"
"S1702_C04_027E","Estimate!!Percent below poverty level!!Married-couple families!!Families!!NUMBER OF RELATED CHILDREN OF THE HOUSEHOLDER UNDER 18 YEARS!!5 or more children"
"S1702_C04_027M","Margin of Error!!Percent below poverty level!!Married-couple families!!Families!!NUMBER OF RELATED CHILDREN OF THE HOUSEHOLDER UNDER 18 YEARS!!5 or more children"
"S1702_C04_028E","Estimate!!Percent below poverty level!!Married-couple families!!Families!!NUMBER OF OWN CHILDREN OF THE HOUSEHOLDER UNDER 18 YEARS!!No own child of the householder"
"S1702_C04_028M","Margin of Error!!Percent below poverty level!!Married-couple families!!Families!!NUMBER OF OWN CHILDREN OF THE HOUSEHOLDER UNDER 18 YEARS!!No own child of the householder"
"S1702_C04_029E","Estimate!!Percent below poverty level!!Married-couple families!!Families!!NUMBER OF OWN CHILDREN OF THE HOUSEHOLDER UNDER 18 YEARS!!1 or 2 own children of the householder"
"S1702_C04_029M","Margin of Error!!Percent below poverty level!!Married-couple families!!Families!!NUMBER OF OWN CHILDREN OF THE HOUSEHOLDER UNDER 18 YEARS!!1 or 2 own children of the householder"
"S1702_C04_030E","Estimate!!Percent below poverty level!!Married-couple families!!Families!!NUMBER OF OWN CHILDREN OF THE HOUSEHOLDER UNDER 18 YEARS!!3 or 4 own children of the householder"
"S1702_C04_030M","Margin of Error!!Percent below poverty level!!Married-couple families!!Families!!NUMBER OF OWN CHILDREN OF THE HOUSEHOLDER UNDER 18 YEARS!!3 or 4 own children of the householder"
"S1702_C04_031E","Estimate!!Percent below poverty level!!Married-couple families!!Families!!NUMBER OF OWN CHILDREN OF THE HOUSEHOLDER UNDER 18 YEARS!!5 or more own children of the householder"
"S1702_C04_031M","Margin of Error!!Percent below poverty level!!Married-couple families!!Families!!NUMBER OF OWN CHILDREN OF THE HOUSEHOLDER UNDER 18 YEARS!!5 or more own children of the householder"
"S1702_C04_032E","Estimate!!Percent below poverty level!!Married-couple families!!Families!!NUMBER OF PEOPLE IN FAMILY!!2 people"
"S1702_C04_032M","Margin of Error!!Percent below poverty level!!Married-couple families!!Families!!NUMBER OF PEOPLE IN FAMILY!!2 people"
"S1702_C04_033E","Estimate!!Percent below poverty level!!Married-couple families!!Families!!NUMBER OF PEOPLE IN FAMILY!!3 or 4 people"
"S1702_C04_033M","Margin of Error!!Percent below poverty level!!Married-couple families!!Families!!NUMBER OF PEOPLE IN FAMILY!!3 or 4 people"
"S1702_C04_034E","Estimate!!Percent below poverty level!!Married-couple families!!Families!!NUMBER OF PEOPLE IN FAMILY!!5 or 6 people"
"S1702_C04_034M","Margin of Error!!Percent below poverty level!!Married-couple families!!Families!!NUMBER OF PEOPLE IN FAMILY!!5 or 6 people"
"S1702_C04_035E","Estimate!!Percent below poverty level!!Married-couple families!!Families!!NUMBER OF PEOPLE IN FAMILY!!7 or more people"
"S1702_C04_035M","Margin of Error!!Percent below poverty level!!Married-couple families!!Families!!NUMBER OF PEOPLE IN FAMILY!!7 or more people"
"S1702_C04_036E","Estimate!!Percent below poverty level!!Married-couple families!!Families!!NUMBER OF WORKERS IN FAMILY!!No workers"
"S1702_C04_036M","Margin of Error!!Percent below poverty level!!Married-couple families!!Families!!NUMBER OF WORKERS IN FAMILY!!No workers"
"S1702_C04_037E","Estimate!!Percent below poverty level!!Married-couple families!!Families!!NUMBER OF WORKERS IN FAMILY!!1 worker"
"S1702_C04_037M","Margin of Error!!Percent below poverty level!!Married-couple families!!Families!!NUMBER OF WORKERS IN FAMILY!!1 worker"
"S1702_C04_038E","Estimate!!Percent below poverty level!!Married-couple families!!Families!!NUMBER OF WORKERS IN FAMILY!!2 workers"
"S1702_C04_038M","Margin of Error!!Percent below poverty level!!Married-couple families!!Families!!NUMBER OF WORKERS IN FAMILY!!2 workers"
"S1702_C04_039E","Estimate!!Percent below poverty level!!Married-couple families!!Families!!NUMBER OF WORKERS IN FAMILY!!3 or more workers"
"S1702_C04_039M","Margin of Error!!Percent below poverty level!!Married-couple families!!Families!!NUMBER OF WORKERS IN FAMILY!!3 or more workers"
"S1702_C04_040E","Estimate!!Percent below poverty level!!Married-couple families!!Families!!INCOME DEFICIT!!Mean income deficit for families (dollars)"
"S1702_C04_040M","Margin of Error!!Percent below poverty level!!Married-couple families!!Families!!INCOME DEFICIT!!Mean income deficit for families (dollars)"
"S1702_C04_041E","Estimate!!Percent below poverty level!!Married-couple families!!Families!!TENURE!!Owner occupied"
"S1702_C04_041M","Margin of Error!!Percent below poverty level!!Married-couple families!!Families!!TENURE!!Owner occupied"
"S1702_C04_042E","Estimate!!Percent below poverty level!!Married-couple families!!Families!!TENURE!!Renter Occupied"
"S1702_C04_042M","Margin of Error!!Percent below poverty level!!Married-couple families!!Families!!TENURE!!Renter Occupied"
"S1702_C04_043E","Estimate!!Percent below poverty level!!Married-couple families!!Families!!ALL FAMILIES WITH INCOME BELOW THE FOLLOWING POVERTY RATIOS!!50 percent of poverty level"
"S1702_C04_043M","Margin of Error!!Percent below poverty level!!Married-couple families!!Families!!ALL FAMILIES WITH INCOME BELOW THE FOLLOWING POVERTY RATIOS!!50 percent of poverty level"
"S1702_C04_044E","Estimate!!Percent below poverty level!!Married-couple families!!Families!!ALL FAMILIES WITH INCOME BELOW THE FOLLOWING POVERTY RATIOS!!125 percent of poverty level"
"S1702_C04_044M","Margin of Error!!Percent below poverty level!!Married-couple families!!Families!!ALL FAMILIES WITH INCOME BELOW THE FOLLOWING POVERTY RATIOS!!125 percent of poverty level"
"S1702_C04_045E","Estimate!!Percent below poverty level!!Married-couple families!!Families!!ALL FAMILIES WITH INCOME BELOW THE FOLLOWING POVERTY RATIOS!!150 percent of poverty level"
"S1702_C04_045M","Margin of Error!!Percent below poverty level!!Married-couple families!!Families!!ALL FAMILIES WITH INCOME BELOW THE FOLLOWING POVERTY RATIOS!!150 percent of poverty level"
"S1702_C04_046E","Estimate!!Percent below poverty level!!Married-couple families!!Families!!ALL FAMILIES WITH INCOME BELOW THE FOLLOWING POVERTY RATIOS!!185 percent of poverty level"
"S1702_C04_046M","Margin of Error!!Percent below poverty level!!Married-couple families!!Families!!ALL FAMILIES WITH INCOME BELOW THE FOLLOWING POVERTY RATIOS!!185 percent of poverty level"
"S1702_C04_047E","Estimate!!Percent below poverty level!!Married-couple families!!Families!!ALL FAMILIES WITH INCOME BELOW THE FOLLOWING POVERTY RATIOS!!200 percent of poverty level"
"S1702_C04_047M","Margin of Error!!Percent below poverty level!!Married-couple families!!Families!!ALL FAMILIES WITH INCOME BELOW THE FOLLOWING POVERTY RATIOS!!200 percent of poverty level"
"S1702_C04_048E","Estimate!!Percent below poverty level!!Married-couple families!!Families!!ALL FAMILIES WITH INCOME BELOW THE FOLLOWING POVERTY RATIOS!!300 percent of poverty level"
"S1702_C04_048M","Margin of Error!!Percent below poverty level!!Married-couple families!!Families!!ALL FAMILIES WITH INCOME BELOW THE FOLLOWING POVERTY RATIOS!!300 percent of poverty level"
"S1702_C04_049E","Estimate!!Percent below poverty level!!Married-couple families!!Families!!ALL FAMILIES WITH INCOME BELOW THE FOLLOWING POVERTY RATIOS!!400 percent of poverty level"
"S1702_C04_049M","Margin of Error!!Percent below poverty level!!Married-couple families!!Families!!ALL FAMILIES WITH INCOME BELOW THE FOLLOWING POVERTY RATIOS!!400 percent of poverty level"
"S1702_C04_050E","Estimate!!Percent below poverty level!!Married-couple families!!Families!!ALL FAMILIES WITH INCOME BELOW THE FOLLOWING POVERTY RATIOS!!500 percent of poverty level"
"S1702_C04_050M","Margin of Error!!Percent below poverty level!!Married-couple families!!Families!!ALL FAMILIES WITH INCOME BELOW THE FOLLOWING POVERTY RATIOS!!500 percent of poverty level"
"S1702_C05_001E","Estimate!!Total!!Female householder, no spouse present!!Families"
"S1702_C05_001M","Margin of Error!!Total!!Female householder, no spouse present!!Families"
"S1702_C05_002E","Estimate!!Total!!Female householder, no spouse present!!Families!!With related children of householder under 18 years"
"S1702_C05_002M","Margin of Error!!Total!!Female householder, no spouse present!!Families!!With related children of householder under 18 years"
"S1702_C05_003E","Estimate!!Total!!Female householder, no spouse present!!Families!!With related children of householder under 18 years!!With related children of householder under 5 years"
"S1702_C05_003M","Margin of Error!!Total!!Female householder, no spouse present!!Families!!With related children of householder under 18 years!!With related children of householder under 5 years"
"S1702_C05_004E","Estimate!!Total!!Female householder, no spouse present!!Families!!With related children of householder under 18 years!!With related children of householder under 5 years and 5 to 17 years"
"S1702_C05_004M","Margin of Error!!Total!!Female householder, no spouse present!!Families!!With related children of householder under 18 years!!With related children of householder under 5 years and 5 to 17 years"
"S1702_C05_005E","Estimate!!Total!!Female householder, no spouse present!!Families!!With related children of householder under 18 years!!With related children of householder 5 to 17  years"
"S1702_C05_005M","Margin of Error!!Total!!Female householder, no spouse present!!Families!!With related children of householder under 18 years!!With related children of householder 5 to 17  years"
"S1702_C05_006E","Estimate!!Total!!Female householder, no spouse present!!Families!!RACE AND HISPANIC OR LATINO ORIGIN!!Families with a householder who is--!!White alone"
"S1702_C05_006M","Margin of Error!!Total!!Female householder, no spouse present!!Families!!RACE AND HISPANIC OR LATINO ORIGIN!!Families with a householder who is--!!White alone"
"S1702_C05_007E","Estimate!!Total!!Female householder, no spouse present!!Families!!RACE AND HISPANIC OR LATINO ORIGIN!!Families with a householder who is--!!Black or African American alone"
"S1702_C05_007M","Margin of Error!!Total!!Female householder, no spouse present!!Families!!RACE AND HISPANIC OR LATINO ORIGIN!!Families with a householder who is--!!Black or African American alone"
"S1702_C05_008E","Estimate!!Total!!Female householder, no spouse present!!Families!!RACE AND HISPANIC OR LATINO ORIGIN!!Families with a householder who is--!!American Indian and Alaska Native alone"
"S1702_C05_008M","Margin of Error!!Total!!Female householder, no spouse present!!Families!!RACE AND HISPANIC OR LATINO ORIGIN!!Families with a householder who is--!!American Indian and Alaska Native alone"
"S1702_C05_009E","Estimate!!Total!!Female householder, no spouse present!!Families!!RACE AND HISPANIC OR LATINO ORIGIN!!Families with a householder who is--!!Asian alone"
"S1702_C05_009M","Margin of Error!!Total!!Female householder, no spouse present!!Families!!RACE AND HISPANIC OR LATINO ORIGIN!!Families with a householder who is--!!Asian alone"
"S1702_C05_010E","Estimate!!Total!!Female householder, no spouse present!!Families!!RACE AND HISPANIC OR LATINO ORIGIN!!Families with a householder who is--!!Native Hawaiian and Other Pacific Islander alone"
"S1702_C05_010M","Margin of Error!!Total!!Female householder, no spouse present!!Families!!RACE AND HISPANIC OR LATINO ORIGIN!!Families with a householder who is--!!Native Hawaiian and Other Pacific Islander alone"
"S1702_C05_011E","Estimate!!Total!!Female householder, no spouse present!!Families!!RACE AND HISPANIC OR LATINO ORIGIN!!Families with a householder who is--!!Some other race alone"
"S1702_C05_011M","Margin of Error!!Total!!Female householder, no spouse present!!Families!!RACE AND HISPANIC OR LATINO ORIGIN!!Families with a householder who is--!!Some other race alone"
"S1702_C05_012E","Estimate!!Total!!Female householder, no spouse present!!Families!!RACE AND HISPANIC OR LATINO ORIGIN!!Families with a householder who is--!!Two or more races"
"S1702_C05_012M","Margin of Error!!Total!!Female householder, no spouse present!!Families!!RACE AND HISPANIC OR LATINO ORIGIN!!Families with a householder who is--!!Two or more races"
"S1702_C05_013E","Estimate!!Total!!Female householder, no spouse present!!Families!!RACE AND HISPANIC OR LATINO ORIGIN!!Families with a householder who is--!!Hispanic or Latino origin (of any race)"
"S1702_C05_013M","Margin of Error!!Total!!Female householder, no spouse present!!Families!!RACE AND HISPANIC OR LATINO ORIGIN!!Families with a householder who is--!!Hispanic or Latino origin (of any race)"
"S1702_C05_014E","Estimate!!Total!!Female householder, no spouse present!!Families!!RACE AND HISPANIC OR LATINO ORIGIN!!Families with a householder who is--!!White alone, not Hispanic or Latino"
"S1702_C05_014M","Margin of Error!!Total!!Female householder, no spouse present!!Families!!RACE AND HISPANIC OR LATINO ORIGIN!!Families with a householder who is--!!White alone, not Hispanic or Latino"
"S1702_C05_015E","Estimate!!Total!!Female householder, no spouse present!!Families!!Householder worked"
"S1702_C05_015M","Margin of Error!!Total!!Female householder, no spouse present!!Families!!Householder worked"
"S1702_C05_016E","Estimate!!Total!!Female householder, no spouse present!!Families!!Householder worked!!Householder worked full-time, year-round in the past 12 months"
"S1702_C05_016M","Margin of Error!!Total!!Female householder, no spouse present!!Families!!Householder worked!!Householder worked full-time, year-round in the past 12 months"
"S1702_C05_017E","Estimate!!Total!!Female householder, no spouse present!!Families!!Householder 65 years and over"
"S1702_C05_017M","Margin of Error!!Total!!Female householder, no spouse present!!Families!!Householder 65 years and over"
"S1702_C05_018E","Estimate!!Total!!Female householder, no spouse present!!Families!!Family received --!!Supplemental Security Income (SSI) and/or cash public assistance income in the past 12 months"
"S1702_C05_018M","Margin of Error!!Total!!Female householder, no spouse present!!Families!!Family received --!!Supplemental Security Income (SSI) and/or cash public assistance income in the past 12 months"
"S1702_C05_019E","Estimate!!Total!!Female householder, no spouse present!!Families!!Family received --!!Social security income in the past 12 months"
"S1702_C05_019M","Margin of Error!!Total!!Female householder, no spouse present!!Families!!Family received --!!Social security income in the past 12 months"
"S1702_C05_020E","Estimate!!Total!!Female householder, no spouse present!!Families!!EDUCATIONAL ATTAINMENT OF HOUSEHOLDER!!Less than high school graduate"
"S1702_C05_020M","Margin of Error!!Total!!Female householder, no spouse present!!Families!!EDUCATIONAL ATTAINMENT OF HOUSEHOLDER!!Less than high school graduate"
"S1702_C05_021E","Estimate!!Total!!Female householder, no spouse present!!Families!!EDUCATIONAL ATTAINMENT OF HOUSEHOLDER!!High school graduate (includes equivalency)"
"S1702_C05_021M","Margin of Error!!Total!!Female householder, no spouse present!!Families!!EDUCATIONAL ATTAINMENT OF HOUSEHOLDER!!High school graduate (includes equivalency)"
"S1702_C05_022E","Estimate!!Total!!Female householder, no spouse present!!Families!!EDUCATIONAL ATTAINMENT OF HOUSEHOLDER!!Some college, associate's degree"
"S1702_C05_022M","Margin of Error!!Total!!Female householder, no spouse present!!Families!!EDUCATIONAL ATTAINMENT OF HOUSEHOLDER!!Some college, associate's degree"
"S1702_C05_023E","Estimate!!Total!!Female householder, no spouse present!!Families!!EDUCATIONAL ATTAINMENT OF HOUSEHOLDER!!Bachelor's degree or higher"
"S1702_C05_023M","Margin of Error!!Total!!Female householder, no spouse present!!Families!!EDUCATIONAL ATTAINMENT OF HOUSEHOLDER!!Bachelor's degree or higher"
"S1702_C05_024E","Estimate!!Total!!Female householder, no spouse present!!Families!!NUMBER OF RELATED CHILDREN OF THE HOUSEHOLDER UNDER 18 YEARS!!No child"
"S1702_C05_024M","Margin of Error!!Total!!Female householder, no spouse present!!Families!!NUMBER OF RELATED CHILDREN OF THE HOUSEHOLDER UNDER 18 YEARS!!No child"
"S1702_C05_025E","Estimate!!Total!!Female householder, no spouse present!!Families!!NUMBER OF RELATED CHILDREN OF THE HOUSEHOLDER UNDER 18 YEARS!!1 or 2 children"
"S1702_C05_025M","Margin of Error!!Total!!Female householder, no spouse present!!Families!!NUMBER OF RELATED CHILDREN OF THE HOUSEHOLDER UNDER 18 YEARS!!1 or 2 children"
"S1702_C05_026E","Estimate!!Total!!Female householder, no spouse present!!Families!!NUMBER OF RELATED CHILDREN OF THE HOUSEHOLDER UNDER 18 YEARS!!3 or 4 children"
"S1702_C05_026M","Margin of Error!!Total!!Female householder, no spouse present!!Families!!NUMBER OF RELATED CHILDREN OF THE HOUSEHOLDER UNDER 18 YEARS!!3 or 4 children"
"S1702_C05_027E","Estimate!!Total!!Female householder, no spouse present!!Families!!NUMBER OF RELATED CHILDREN OF THE HOUSEHOLDER UNDER 18 YEARS!!5 or more children"
"S1702_C05_027M","Margin of Error!!Total!!Female householder, no spouse present!!Families!!NUMBER OF RELATED CHILDREN OF THE HOUSEHOLDER UNDER 18 YEARS!!5 or more children"
"S1702_C05_028E","Estimate!!Total!!Female householder, no spouse present!!Families!!NUMBER OF OWN CHILDREN OF THE HOUSEHOLDER UNDER 18 YEARS!!No own child of the householder"
"S1702_C05_028M","Margin of Error!!Total!!Female householder, no spouse present!!Families!!NUMBER OF OWN CHILDREN OF THE HOUSEHOLDER UNDER 18 YEARS!!No own child of the householder"
"S1702_C05_029E","Estimate!!Total!!Female householder, no spouse present!!Families!!NUMBER OF OWN CHILDREN OF THE HOUSEHOLDER UNDER 18 YEARS!!1 or 2 own children of the householder"
"S1702_C05_029M","Margin of Error!!Total!!Female householder, no spouse present!!Families!!NUMBER OF OWN CHILDREN OF THE HOUSEHOLDER UNDER 18 YEARS!!1 or 2 own children of the householder"
"S1702_C05_030E","Estimate!!Total!!Female householder, no spouse present!!Families!!NUMBER OF OWN CHILDREN OF THE HOUSEHOLDER UNDER 18 YEARS!!3 or 4 own children of the householder"
"S1702_C05_030M","Margin of Error!!Total!!Female householder, no spouse present!!Families!!NUMBER OF OWN CHILDREN OF THE HOUSEHOLDER UNDER 18 YEARS!!3 or 4 own children of the householder"
"S1702_C05_031E","Estimate!!Total!!Female householder, no spouse present!!Families!!NUMBER OF OWN CHILDREN OF THE HOUSEHOLDER UNDER 18 YEARS!!5 or more own children of the householder"
"S1702_C05_031M","Margin of Error!!Total!!Female householder, no spouse present!!Families!!NUMBER OF OWN CHILDREN OF THE HOUSEHOLDER UNDER 18 YEARS!!5 or more own children of the householder"
"S1702_C05_032E","Estimate!!Total!!Female householder, no spouse present!!Families!!NUMBER OF PEOPLE IN FAMILY!!2 people"
"S1702_C05_032M","Margin of Error!!Total!!Female householder, no spouse present!!Families!!NUMBER OF PEOPLE IN FAMILY!!2 people"
"S1702_C05_033E","Estimate!!Total!!Female householder, no spouse present!!Families!!NUMBER OF PEOPLE IN FAMILY!!3 or 4 people"
"S1702_C05_033M","Margin of Error!!Total!!Female householder, no spouse present!!Families!!NUMBER OF PEOPLE IN FAMILY!!3 or 4 people"
"S1702_C05_034E","Estimate!!Total!!Female householder, no spouse present!!Families!!NUMBER OF PEOPLE IN FAMILY!!5 or 6 people"
"S1702_C05_034M","Margin of Error!!Total!!Female householder, no spouse present!!Families!!NUMBER OF PEOPLE IN FAMILY!!5 or 6 people"
"S1702_C05_035E","Estimate!!Total!!Female householder, no spouse present!!Families!!NUMBER OF PEOPLE IN FAMILY!!7 or more people"
"S1702_C05_035M","Margin of Error!!Total!!Female householder, no spouse present!!Families!!NUMBER OF PEOPLE IN FAMILY!!7 or more people"
"S1702_C05_036E","Estimate!!Total!!Female householder, no spouse present!!Families!!NUMBER OF WORKERS IN FAMILY!!No workers"
"S1702_C05_036M","Margin of Error!!Total!!Female householder, no spouse present!!Families!!NUMBER OF WORKERS IN FAMILY!!No workers"
"S1702_C05_037E","Estimate!!Total!!Female householder, no spouse present!!Families!!NUMBER OF WORKERS IN FAMILY!!1 worker"
"S1702_C05_037M","Margin of Error!!Total!!Female householder, no spouse present!!Families!!NUMBER OF WORKERS IN FAMILY!!1 worker"
"S1702_C05_038E","Estimate!!Total!!Female householder, no spouse present!!Families!!NUMBER OF WORKERS IN FAMILY!!2 workers"
"S1702_C05_038M","Margin of Error!!Total!!Female householder, no spouse present!!Families!!NUMBER OF WORKERS IN FAMILY!!2 workers"
"S1702_C05_039E","Estimate!!Total!!Female householder, no spouse present!!Families!!NUMBER OF WORKERS IN FAMILY!!3 or more workers"
"S1702_C05_039M","Margin of Error!!Total!!Female householder, no spouse present!!Families!!NUMBER OF WORKERS IN FAMILY!!3 or more workers"
"S1702_C05_040E","Estimate!!Total!!Female householder, no spouse present!!Families!!INCOME DEFICIT!!Mean income deficit for families (dollars)"
"S1702_C05_040M","Margin of Error!!Total!!Female householder, no spouse present!!Families!!INCOME DEFICIT!!Mean income deficit for families (dollars)"
"S1702_C05_041E","Estimate!!Total!!Female householder, no spouse present!!Families!!TENURE!!Owner occupied"
"S1702_C05_041M","Margin of Error!!Total!!Female householder, no spouse present!!Families!!TENURE!!Owner occupied"
"S1702_C05_042E","Estimate!!Total!!Female householder, no spouse present!!Families!!TENURE!!Renter Occupied"
"S1702_C05_042M","Margin of Error!!Total!!Female householder, no spouse present!!Families!!TENURE!!Renter Occupied"
"S1702_C05_043E","Estimate!!Total!!Female householder, no spouse present!!Families!!ALL FAMILIES WITH INCOME BELOW THE FOLLOWING POVERTY RATIOS!!50 percent of poverty level"
"S1702_C05_043M","Margin of Error!!Total!!Female householder, no spouse present!!Families!!ALL FAMILIES WITH INCOME BELOW THE FOLLOWING POVERTY RATIOS!!50 percent of poverty level"
"S1702_C05_044E","Estimate!!Total!!Female householder, no spouse present!!Families!!ALL FAMILIES WITH INCOME BELOW THE FOLLOWING POVERTY RATIOS!!125 percent of poverty level"
"S1702_C05_044M","Margin of Error!!Total!!Female householder, no spouse present!!Families!!ALL FAMILIES WITH INCOME BELOW THE FOLLOWING POVERTY RATIOS!!125 percent of poverty level"
"S1702_C05_045E","Estimate!!Total!!Female householder, no spouse present!!Families!!ALL FAMILIES WITH INCOME BELOW THE FOLLOWING POVERTY RATIOS!!150 percent of poverty level"
"S1702_C05_045M","Margin of Error!!Total!!Female householder, no spouse present!!Families!!ALL FAMILIES WITH INCOME BELOW THE FOLLOWING POVERTY RATIOS!!150 percent of poverty level"
"S1702_C05_046E","Estimate!!Total!!Female householder, no spouse present!!Families!!ALL FAMILIES WITH INCOME BELOW THE FOLLOWING POVERTY RATIOS!!185 percent of poverty level"
"S1702_C05_046M","Margin of Error!!Total!!Female householder, no spouse present!!Families!!ALL FAMILIES WITH INCOME BELOW THE FOLLOWING POVERTY RATIOS!!185 percent of poverty level"
"S1702_C05_047E","Estimate!!Total!!Female householder, no spouse present!!Families!!ALL FAMILIES WITH INCOME BELOW THE FOLLOWING POVERTY RATIOS!!200 percent of poverty level"
"S1702_C05_047M","Margin of Error!!Total!!Female householder, no spouse present!!Families!!ALL FAMILIES WITH INCOME BELOW THE FOLLOWING POVERTY RATIOS!!200 percent of poverty level"
"S1702_C05_048E","Estimate!!Total!!Female householder, no spouse present!!Families!!ALL FAMILIES WITH INCOME BELOW THE FOLLOWING POVERTY RATIOS!!300 percent of poverty level"
"S1702_C05_048M","Margin of Error!!Total!!Female householder, no spouse present!!Families!!ALL FAMILIES WITH INCOME BELOW THE FOLLOWING POVERTY RATIOS!!300 percent of poverty level"
"S1702_C05_049E","Estimate!!Total!!Female householder, no spouse present!!Families!!ALL FAMILIES WITH INCOME BELOW THE FOLLOWING POVERTY RATIOS!!400 percent of poverty level"
"S1702_C05_049M","Margin of Error!!Total!!Female householder, no spouse present!!Families!!ALL FAMILIES WITH INCOME BELOW THE FOLLOWING POVERTY RATIOS!!400 percent of poverty level"
"S1702_C05_050E","Estimate!!Total!!Female householder, no spouse present!!Families!!ALL FAMILIES WITH INCOME BELOW THE FOLLOWING POVERTY RATIOS!!500 percent of poverty level"
"S1702_C05_050M","Margin of Error!!Total!!Female householder, no spouse present!!Families!!ALL FAMILIES WITH INCOME BELOW THE FOLLOWING POVERTY RATIOS!!500 percent of poverty level"
"S1702_C06_001E","Estimate!!Percent below poverty level!!Female householder, no spouse present!!Families"
"S1702_C06_001M","Margin of Error!!Percent below poverty level!!Female householder, no spouse present!!Families"
"S1702_C06_002E","Estimate!!Percent below poverty level!!Female householder, no spouse present!!Families!!With related children of householder under 18 years"
"S1702_C06_002M","Margin of Error!!Percent below poverty level!!Female householder, no spouse present!!Families!!With related children of householder under 18 years"
"S1702_C06_003E","Estimate!!Percent below poverty level!!Female householder, no spouse present!!Families!!With related children of householder under 18 years!!With related children of householder under 5 years"
"S1702_C06_003M","Margin of Error!!Percent below poverty level!!Female householder, no spouse present!!Families!!With related children of householder under 18 years!!With related children of householder under 5 years"
"S1702_C06_004E","Estimate!!Percent below poverty level!!Female householder, no spouse present!!Families!!With related children of householder under 18 years!!With related children of householder under 5 years and 5 to 17 years"
"S1702_C06_004M","Margin of Error!!Percent below poverty level!!Female householder, no spouse present!!Families!!With related children of householder under 18 years!!With related children of householder under 5 years and 5 to 17 years"
"S1702_C06_005E","Estimate!!Percent below poverty level!!Female householder, no spouse present!!Families!!With related children of householder under 18 years!!With related children of householder 5 to 17  years"
"S1702_C06_005M","Margin of Error!!Percent below poverty level!!Female householder, no spouse present!!Families!!With related children of householder under 18 years!!With related children of householder 5 to 17  years"
"S1702_C06_006E","Estimate!!Percent below poverty level!!Female householder, no spouse present!!Families!!RACE AND HISPANIC OR LATINO ORIGIN!!Families with a householder who is--!!White alone"
"S1702_C06_006M","Margin of Error!!Percent below poverty level!!Female householder, no spouse present!!Families!!RACE AND HISPANIC OR LATINO ORIGIN!!Families with a householder who is--!!White alone"
"S1702_C06_007E","Estimate!!Percent below poverty level!!Female householder, no spouse present!!Families!!RACE AND HISPANIC OR LATINO ORIGIN!!Families with a householder who is--!!Black or African American alone"
"S1702_C06_007M","Margin of Error!!Percent below poverty level!!Female householder, no spouse present!!Families!!RACE AND HISPANIC OR LATINO ORIGIN!!Families with a householder who is--!!Black or African American alone"
"S1702_C06_008E","Estimate!!Percent below poverty level!!Female householder, no spouse present!!Families!!RACE AND HISPANIC OR LATINO ORIGIN!!Families with a householder who is--!!American Indian and Alaska Native alone"
"S1702_C06_008M","Margin of Error!!Percent below poverty level!!Female householder, no spouse present!!Families!!RACE AND HISPANIC OR LATINO ORIGIN!!Families with a householder who is--!!American Indian and Alaska Native alone"
"S1702_C06_009E","Estimate!!Percent below poverty level!!Female householder, no spouse present!!Families!!RACE AND HISPANIC OR LATINO ORIGIN!!Families with a householder who is--!!Asian alone"
"S1702_C06_009M","Margin of Error!!Percent below poverty level!!Female householder, no spouse present!!Families!!RACE AND HISPANIC OR LATINO ORIGIN!!Families with a householder who is--!!Asian alone"
"S1702_C06_010E","Estimate!!Percent below poverty level!!Female householder, no spouse present!!Families!!RACE AND HISPANIC OR LATINO ORIGIN!!Families with a householder who is--!!Native Hawaiian and Other Pacific Islander alone"
"S1702_C06_010M","Margin of Error!!Percent below poverty level!!Female householder, no spouse present!!Families!!RACE AND HISPANIC OR LATINO ORIGIN!!Families with a householder who is--!!Native Hawaiian and Other Pacific Islander alone"
"S1702_C06_011E","Estimate!!Percent below poverty level!!Female householder, no spouse present!!Families!!RACE AND HISPANIC OR LATINO ORIGIN!!Families with a householder who is--!!Some other race alone"
"S1702_C06_011M","Margin of Error!!Percent below poverty level!!Female householder, no spouse present!!Families!!RACE AND HISPANIC OR LATINO ORIGIN!!Families with a householder who is--!!Some other race alone"
"S1702_C06_012E","Estimate!!Percent below poverty level!!Female householder, no spouse present!!Families!!RACE AND HISPANIC OR LATINO ORIGIN!!Families with a householder who is--!!Two or more races"
"S1702_C06_012M","Margin of Error!!Percent below poverty level!!Female householder, no spouse present!!Families!!RACE AND HISPANIC OR LATINO ORIGIN!!Families with a householder who is--!!Two or more races"
"S1702_C06_013E","Estimate!!Percent below poverty level!!Female householder, no spouse present!!Families!!RACE AND HISPANIC OR LATINO ORIGIN!!Families with a householder who is--!!Hispanic or Latino origin (of any race)"
"S1702_C06_013M","Margin of Error!!Percent below poverty level!!Female householder, no spouse present!!Families!!RACE AND HISPANIC OR LATINO ORIGIN!!Families with a householder who is--!!Hispanic or Latino origin (of any race)"
"S1702_C06_014E","Estimate!!Percent below poverty level!!Female householder, no spouse present!!Families!!RACE AND HISPANIC OR LATINO ORIGIN!!Families with a householder who is--!!White alone, not Hispanic or Latino"
"S1702_C06_014M","Margin of Error!!Percent below poverty level!!Female householder, no spouse present!!Families!!RACE AND HISPANIC OR LATINO ORIGIN!!Families with a householder who is--!!White alone, not Hispanic or Latino"
"S1702_C06_015E","Estimate!!Percent below poverty level!!Female householder, no spouse present!!Families!!Householder worked"
"S1702_C06_015M","Margin of Error!!Percent below poverty level!!Female householder, no spouse present!!Families!!Householder worked"
"S1702_C06_016E","Estimate!!Percent below poverty level!!Female householder, no spouse present!!Families!!Householder worked!!Householder worked full-time, year-round in the past 12 months"
"S1702_C06_016M","Margin of Error!!Percent below poverty level!!Female householder, no spouse present!!Families!!Householder worked!!Householder worked full-time, year-round in the past 12 months"
"S1702_C06_017E","Estimate!!Percent below poverty level!!Female householder, no spouse present!!Families!!Householder 65 years and over"
"S1702_C06_017M","Margin of Error!!Percent below poverty level!!Female householder, no spouse present!!Families!!Householder 65 years and over"
"S1702_C06_018E","Estimate!!Percent below poverty level!!Female householder, no spouse present!!Families!!Family received --!!Supplemental Security Income (SSI) and/or cash public assistance income in the past 12 months"
"S1702_C06_018M","Margin of Error!!Percent below poverty level!!Female householder, no spouse present!!Families!!Family received --!!Supplemental Security Income (SSI) and/or cash public assistance income in the past 12 months"
"S1702_C06_019E","Estimate!!Percent below poverty level!!Female householder, no spouse present!!Families!!Family received --!!Social security income in the past 12 months"
"S1702_C06_019M","Margin of Error!!Percent below poverty level!!Female householder, no spouse present!!Families!!Family received --!!Social security income in the past 12 months"
"S1702_C06_020E","Estimate!!Percent below poverty level!!Female householder, no spouse present!!Families!!EDUCATIONAL ATTAINMENT OF HOUSEHOLDER!!Less than high school graduate"
"S1702_C06_020M","Margin of Error!!Percent below poverty level!!Female householder, no spouse present!!Families!!EDUCATIONAL ATTAINMENT OF HOUSEHOLDER!!Less than high school graduate"
"S1702_C06_021E","Estimate!!Percent below poverty level!!Female householder, no spouse present!!Families!!EDUCATIONAL ATTAINMENT OF HOUSEHOLDER!!High school graduate (includes equivalency)"
"S1702_C06_021M","Margin of Error!!Percent below poverty level!!Female householder, no spouse present!!Families!!EDUCATIONAL ATTAINMENT OF HOUSEHOLDER!!High school graduate (includes equivalency)"
"S1702_C06_022E","Estimate!!Percent below poverty level!!Female householder, no spouse present!!Families!!EDUCATIONAL ATTAINMENT OF HOUSEHOLDER!!Some college, associate's degree"
"S1702_C06_022M","Margin of Error!!Percent below poverty level!!Female householder, no spouse present!!Families!!EDUCATIONAL ATTAINMENT OF HOUSEHOLDER!!Some college, associate's degree"
"S1702_C06_023E","Estimate!!Percent below poverty level!!Female householder, no spouse present!!Families!!EDUCATIONAL ATTAINMENT OF HOUSEHOLDER!!Bachelor's degree or higher"
"S1702_C06_023M","Margin of Error!!Percent below poverty level!!Female householder, no spouse present!!Families!!EDUCATIONAL ATTAINMENT OF HOUSEHOLDER!!Bachelor's degree or higher"
"S1702_C06_024E","Estimate!!Percent below poverty level!!Female householder, no spouse present!!Families!!NUMBER OF RELATED CHILDREN OF THE HOUSEHOLDER UNDER 18 YEARS!!No child"
"S1702_C06_024M","Margin of Error!!Percent below poverty level!!Female householder, no spouse present!!Families!!NUMBER OF RELATED CHILDREN OF THE HOUSEHOLDER UNDER 18 YEARS!!No child"
"S1702_C06_025E","Estimate!!Percent below poverty level!!Female householder, no spouse present!!Families!!NUMBER OF RELATED CHILDREN OF THE HOUSEHOLDER UNDER 18 YEARS!!1 or 2 children"
"S1702_C06_025M","Margin of Error!!Percent below poverty level!!Female householder, no spouse present!!Families!!NUMBER OF RELATED CHILDREN OF THE HOUSEHOLDER UNDER 18 YEARS!!1 or 2 children"
"S1702_C06_026E","Estimate!!Percent below poverty level!!Female householder, no spouse present!!Families!!NUMBER OF RELATED CHILDREN OF THE HOUSEHOLDER UNDER 18 YEARS!!3 or 4 children"
"S1702_C06_026M","Margin of Error!!Percent below poverty level!!Female householder, no spouse present!!Families!!NUMBER OF RELATED CHILDREN OF THE HOUSEHOLDER UNDER 18 YEARS!!3 or 4 children"
"S1702_C06_027E","Estimate!!Percent below poverty level!!Female householder, no spouse present!!Families!!NUMBER OF RELATED CHILDREN OF THE HOUSEHOLDER UNDER 18 YEARS!!5 or more children"
"S1702_C06_027M","Margin of Error!!Percent below poverty level!!Female householder, no spouse present!!Families!!NUMBER OF RELATED CHILDREN OF THE HOUSEHOLDER UNDER 18 YEARS!!5 or more children"
"S1702_C06_028E","Estimate!!Percent below poverty level!!Female householder, no spouse present!!Families!!NUMBER OF OWN CHILDREN OF THE HOUSEHOLDER UNDER 18 YEARS!!No own child of the householder"
"S1702_C06_028M","Margin of Error!!Percent below poverty level!!Female householder, no spouse present!!Families!!NUMBER OF OWN CHILDREN OF THE HOUSEHOLDER UNDER 18 YEARS!!No own child of the householder"
"S1702_C06_029E","Estimate!!Percent below poverty level!!Female householder, no spouse present!!Families!!NUMBER OF OWN CHILDREN OF THE HOUSEHOLDER UNDER 18 YEARS!!1 or 2 own children of the householder"
"S1702_C06_029M","Margin of Error!!Percent below poverty level!!Female householder, no spouse present!!Families!!NUMBER OF OWN CHILDREN OF THE HOUSEHOLDER UNDER 18 YEARS!!1 or 2 own children of the householder"
"S1702_C06_030E","Estimate!!Percent below poverty level!!Female householder, no spouse present!!Families!!NUMBER OF OWN CHILDREN OF THE HOUSEHOLDER UNDER 18 YEARS!!3 or 4 own children of the householder"
"S1702_C06_030M","Margin of Error!!Percent below poverty level!!Female householder, no spouse present!!Families!!NUMBER OF OWN CHILDREN OF THE HOUSEHOLDER UNDER 18 YEARS!!3 or 4 own children of the householder"
"S1702_C06_031E","Estimate!!Percent below poverty level!!Female householder, no spouse present!!Families!!NUMBER OF OWN CHILDREN OF THE HOUSEHOLDER UNDER 18 YEARS!!5 or more own children of the householder"
"S1702_C06_031M","Margin of Error!!Percent below poverty level!!Female householder, no spouse present!!Families!!NUMBER OF OWN CHILDREN OF THE HOUSEHOLDER UNDER 18 YEARS!!5 or more own children of the householder"
"S1702_C06_032E","Estimate!!Percent below poverty level!!Female householder, no spouse present!!Families!!NUMBER OF PEOPLE IN FAMILY!!2 people"
"S1702_C06_032M","Margin of Error!!Percent below poverty level!!Female householder, no spouse present!!Families!!NUMBER OF PEOPLE IN FAMILY!!2 people"
"S1702_C06_033E","Estimate!!Percent below poverty level!!Female householder, no spouse present!!Families!!NUMBER OF PEOPLE IN FAMILY!!3 or 4 people"
"S1702_C06_033M","Margin of Error!!Percent below poverty level!!Female householder, no spouse present!!Families!!NUMBER OF PEOPLE IN FAMILY!!3 or 4 people"
"S1702_C06_034E","Estimate!!Percent below poverty level!!Female householder, no spouse present!!Families!!NUMBER OF PEOPLE IN FAMILY!!5 or 6 people"
"S1702_C06_034M","Margin of Error!!Percent below poverty level!!Female householder, no spouse present!!Families!!NUMBER OF PEOPLE IN FAMILY!!5 or 6 people"
"S1702_C06_035E","Estimate!!Percent below poverty level!!Female householder, no spouse present!!Families!!NUMBER OF PEOPLE IN FAMILY!!7 or more people"
"S1702_C06_035M","Margin of Error!!Percent below poverty level!!Female householder, no spouse present!!Families!!NUMBER OF PEOPLE IN FAMILY!!7 or more people"
"S1702_C06_036E","Estimate!!Percent below poverty level!!Female householder, no spouse present!!Families!!NUMBER OF WORKERS IN FAMILY!!No workers"
"S1702_C06_036M","Margin of Error!!Percent below poverty level!!Female householder, no spouse present!!Families!!NUMBER OF WORKERS IN FAMILY!!No workers"
"S1702_C06_037E","Estimate!!Percent below poverty level!!Female householder, no spouse present!!Families!!NUMBER OF WORKERS IN FAMILY!!1 worker"
"S1702_C06_037M","Margin of Error!!Percent below poverty level!!Female householder, no spouse present!!Families!!NUMBER OF WORKERS IN FAMILY!!1 worker"
"S1702_C06_038E","Estimate!!Percent below poverty level!!Female householder, no spouse present!!Families!!NUMBER OF WORKERS IN FAMILY!!2 workers"
"S1702_C06_038M","Margin of Error!!Percent below poverty level!!Female householder, no spouse present!!Families!!NUMBER OF WORKERS IN FAMILY!!2 workers"
"S1702_C06_039E","Estimate!!Percent below poverty level!!Female householder, no spouse present!!Families!!NUMBER OF WORKERS IN FAMILY!!3 or more workers"
"S1702_C06_039M","Margin of Error!!Percent below poverty level!!Female householder, no spouse present!!Families!!NUMBER OF WORKERS IN FAMILY!!3 or more workers"
"S1702_C06_040E","Estimate!!Percent below poverty level!!Female householder, no spouse present!!Families!!INCOME DEFICIT!!Mean income deficit for families (dollars)"
"S1702_C06_040M","Margin of Error!!Percent below poverty level!!Female householder, no spouse present!!Families!!INCOME DEFICIT!!Mean income deficit for families (dollars)"
"S1702_C06_041E","Estimate!!Percent below poverty level!!Female householder, no spouse present!!Families!!TENURE!!Owner occupied"
"S1702_C06_041M","Margin of Error!!Percent below poverty level!!Female householder, no spouse present!!Families!!TENURE!!Owner occupied"
"S1702_C06_042E","Estimate!!Percent below poverty level!!Female householder, no spouse present!!Families!!TENURE!!Renter Occupied"
"S1702_C06_042M","Margin of Error!!Percent below poverty level!!Female householder, no spouse present!!Families!!TENURE!!Renter Occupied"
"S1702_C06_043E","Estimate!!Percent below poverty level!!Female householder, no spouse present!!Families!!ALL FAMILIES WITH INCOME BELOW THE FOLLOWING POVERTY RATIOS!!50 percent of poverty level"
"S1702_C06_043M","Margin of Error!!Percent below poverty level!!Female householder, no spouse present!!Families!!ALL FAMILIES WITH INCOME BELOW THE FOLLOWING POVERTY RATIOS!!50 percent of poverty level"
"S1702_C06_044E","Estimate!!Percent below poverty level!!Female householder, no spouse present!!Families!!ALL FAMILIES WITH INCOME BELOW THE FOLLOWING POVERTY RATIOS!!125 percent of poverty level"
"S1702_C06_044M","Margin of Error!!Percent below poverty level!!Female householder, no spouse present!!Families!!ALL FAMILIES WITH INCOME BELOW THE FOLLOWING POVERTY RATIOS!!125 percent of poverty level"
"S1702_C06_045E","Estimate!!Percent below poverty level!!Female householder, no spouse present!!Families!!ALL FAMILIES WITH INCOME BELOW THE FOLLOWING POVERTY RATIOS!!150 percent of poverty level"
"S1702_C06_045M","Margin of Error!!Percent below poverty level!!Female householder, no spouse present!!Families!!ALL FAMILIES WITH INCOME BELOW THE FOLLOWING POVERTY RATIOS!!150 percent of poverty level"
"S1702_C06_046E","Estimate!!Percent below poverty level!!Female householder, no spouse present!!Families!!ALL FAMILIES WITH INCOME BELOW THE FOLLOWING POVERTY RATIOS!!185 percent of poverty level"
"S1702_C06_046M","Margin of Error!!Percent below poverty level!!Female householder, no spouse present!!Families!!ALL FAMILIES WITH INCOME BELOW THE FOLLOWING POVERTY RATIOS!!185 percent of poverty level"
"S1702_C06_047E","Estimate!!Percent below poverty level!!Female householder, no spouse present!!Families!!ALL FAMILIES WITH INCOME BELOW THE FOLLOWING POVERTY RATIOS!!200 percent of poverty level"
"S1702_C06_047M","Margin of Error!!Percent below poverty level!!Female householder, no spouse present!!Families!!ALL FAMILIES WITH INCOME BELOW THE FOLLOWING POVERTY RATIOS!!200 percent of poverty level"
"S1702_C06_048E","Estimate!!Percent below poverty level!!Female householder, no spouse present!!Families!!ALL FAMILIES WITH INCOME BELOW THE FOLLOWING POVERTY RATIOS!!300 percent of poverty level"
"S1702_C06_048M","Margin of Error!!Percent below poverty level!!Female householder, no spouse present!!Families!!ALL FAMILIES WITH INCOME BELOW THE FOLLOWING POVERTY RATIOS!!300 percent of poverty level"
"S1702_C06_049E","Estimate!!Percent below poverty level!!Female householder, no spouse present!!Families!!ALL FAMILIES WITH INCOME BELOW THE FOLLOWING POVERTY RATIOS!!400 percent of poverty level"
"S1702_C06_049M","Margin of Error!!Percent below poverty level!!Female householder, no spouse present!!Families!!ALL FAMILIES WITH INCOME BELOW THE FOLLOWING POVERTY RATIOS!!400 percent of poverty level"
"S1702_C06_050E","Estimate!!Percent below poverty level!!Female householder, no spouse present!!Families!!ALL FAMILIES WITH INCOME BELOW THE FOLLOWING POVERTY RATIOS!!500 percent of poverty level"
"S1702_C06_050M","Margin of Error!!Percent below poverty level!!Female householder, no spouse present!!Families!!ALL FAMILIES WITH INCOME BELOW THE FOLLOWING POVERTY RATIOS!!500 percent of poverty level"
